command,event_num,event_group,time,agent_type,agent_id,latitude,longitude,altitude,course,speed_horizontal,speed_vertical,deployed,armed,target_id,power_raw,power_attenuated,distance_elapsed,time_elapsed,target_bearing
,1,335,11.725,ship,MY_SHIP1,49.65861111111111,117.42611111111111,0.0,0.0,5.0,0.0,
,2,335,11.725,depth-charge,MY_SHIP1.CHARGE1.1,49.65861111111111,117.42611111111111,0.0,0.0,5.0,0.0,false
,3,335,11.725,depth,MY_SHIP1.CHARGE1.1.DEPTH1.1,49.65861111111111,117.42611111111111,0.0,0.0,5.0,0.0
,4,336,11.76,ship,MY_SHIP1,49.65868055555555,117.42611111111111,0.0,0.0,5.0,0.0,
,5,336,11.76,depth-charge,MY_SHIP1.CHARGE1.1,49.65868055555555,117.42611111111111,0.0,0.0,5.0,0.0,false
,6,336,11.76,depth,MY_SHIP1.CHARGE1.1.DEPTH1.1,49.65868055555555,117.42611111111111,0.0,0.0,5.0,0.0
,7,337,11.795,ship,MY_SHIP1,49.65874999999999,117.42611111111111,0.0,0.0,5.0,0.0,
,8,337,11.795,depth-charge,MY_SHIP1.CHARGE1.1,49.65874999999999,117.42611111111111,0.0,0.0,5.0,0.0,false
,9,337,11.795,depth,MY_SHIP1.CHARGE1.1.DEPTH1.1,49.65874999999999,117.42611111111111,0.0,0.0,5.0,0.0
,10,338,11.83,ship,MY_SHIP1,49.65881944444443,117.42611111111111,0.0,0.0,5.0,0.0,
,11,338,11.83,depth-charge,MY_SHIP1.CHARGE1.1,49.65881944444443,117.42611111111111,0.0,0.0,5.0,0.0,false
,12,338,11.83,depth,MY_SHIP1.CHARGE1.1.DEPTH1.1,49.65881944444443,117.42611111111111,0.0,0.0,5.0,0.0
,13,339,11.865,ship,MY_SHIP1,49.658888888888875,117.42611111111111,0.0,0.0,5.0,0.0,
,14,339,11.865,depth-charge,MY_SHIP1.CHARGE1.1,49.658888888888875,117.42611111111111,0.0,0.0,5.0,0.0,false
,15,339,11.865,depth,MY_SHIP1.CHARGE1.1.DEPTH1.1,49.658888888888875,117.42611111111111,0.0,0.0,5.0,0.0
,16,340,11.9,ship,MY_SHIP1,49.65895833333332,117.42611111111111,0.0,0.0,5.0,0.0,
,17,340,11.9,depth-charge,MY_SHIP1.CHARGE1.1,49.65895833333332,117.42611111111111,0.0,0.0,5.0,0.0,false
,18,340,11.9,depth,MY_SHIP1.CHARGE1.1.DEPTH1.1,49.65895833333332,117.42611111111111,0.0,0.0,5.0,0.0
,19,341,11.935,ship,MY_SHIP1,49.65902777777776,117.42611111111111,0.0,0.0,5.0,0.0,
,20,341,11.935,depth-charge,MY_SHIP1.CHARGE1.1,49.65902777777776,117.42611111111111,0.0,0.0,5.0,0.0,false
,21,341,11.935,depth,MY_SHIP1.CHARGE1.1.DEPTH1.1,49.65902777777776,117.42611111111111,0.0,0.0,5.0,0.0
,22,342,11.97,ship,MY_SHIP1,49.6590972222222,117.42611111111111,0.0,0.0,5.0,0.0,
,23,342,11.97,depth-charge,MY_SHIP1.CHARGE1.1,49.6590972222222,117.42611111111111,0.0,0.0,5.0,0.0,false
,24,342,11.97,depth,MY_SHIP1.CHARGE1.1.DEPTH1.1,49.6590972222222,117.42611111111111,0.0,0.0,5.0,0.0
,25,343,12.005,ship,MY_SHIP1,49.65916666666664,117.42611111111111,0.0,0.0,5.0,0.0,
,26,343,12.005,depth-charge,MY_SHIP1.CHARGE1.1,49.65916666666664,117.42611111111111,0.0,0.0,5.0,0.0,false
,27,343,12.005,depth,MY_SHIP1.CHARGE1.1.DEPTH1.1,49.65916666666664,117.42611111111111,0.0,0.0,5.0,0.0
,28,344,12.04,ship,MY_SHIP1,49.659236111111085,117.42611111111111,0.0,0.0,5.0,0.0,
,29,344,12.04,depth-charge,MY_SHIP1.CHARGE1.1,49.659236111111085,117.42611111111111,0.0,0.0,5.0,0.0,false
,30,344,12.04,depth,MY_SHIP1.CHARGE1.1.DEPTH1.1,49.659236111111085,117.42611111111111,0.0,0.0,5.0,0.0
,31,345,12.075,ship,MY_SHIP1,49.65930555555553,117.42611111111111,0.0,0.0,5.0,0.0,
,32,345,12.075,depth-charge,MY_SHIP1.CHARGE1.1,49.65930555555553,117.42611111111111,0.0,0.0,5.0,0.0,false
,33,345,12.075,depth,MY_SHIP1.CHARGE1.1.DEPTH1.1,49.65930555555553,117.42611111111111,0.0,0.0,5.0,0.0
,34,346,12.11,ship,MY_SHIP1,49.65937499999997,117.42611111111111,0.0,0.0,5.0,0.0,
,35,346,12.11,depth-charge,MY_SHIP1.CHARGE1.1,49.65937499999997,117.42611111111111,0.0,0.0,5.0,0.0,false
,36,346,12.11,depth,MY_SHIP1.CHARGE1.1.DEPTH1.1,49.65937499999997,117.42611111111111,0.0,0.0,5.0,0.0
,37,347,12.145,ship,MY_SHIP1,49.65944444444441,117.42611111111111,0.0,0.0,5.0,0.0,
,38,347,12.145,depth-charge,MY_SHIP1.CHARGE1.1,49.65944444444441,117.42611111111111,0.0,0.0,5.0,0.0,false
,39,347,12.145,depth,MY_SHIP1.CHARGE1.1.DEPTH1.1,49.65944444444441,117.42611111111111,0.0,0.0,5.0,0.0
,40,348,12.18,ship,MY_SHIP1,49.65951388888885,117.42611111111111,0.0,0.0,5.0,0.0,
,41,348,12.18,depth-charge,MY_SHIP1.CHARGE1.1,49.65951388888885,117.42611111111111,0.0,0.0,5.0,0.0,false
,42,348,12.18,depth,MY_SHIP1.CHARGE1.1.DEPTH1.1,49.65951388888885,117.42611111111111,0.0,0.0,5.0,0.0
,43,349,12.215,ship,MY_SHIP1,49.659583333333295,117.42611111111111,0.0,0.0,5.0,0.0,
,44,349,12.215,depth-charge,MY_SHIP1.CHARGE1.1,49.659583333333295,117.42611111111111,0.0,0.0,5.0,0.0,false
,45,349,12.215,depth,MY_SHIP1.CHARGE1.1.DEPTH1.1,49.659583333333295,117.42611111111111,0.0,0.0,5.0,0.0
,46,350,12.25,ship,MY_SHIP1,49.65965277777774,117.42611111111111,0.0,0.0,5.0,0.0,
,47,350,12.25,depth-charge,MY_SHIP1.CHARGE1.1,49.65965277777774,117.42611111111111,0.0,0.0,5.0,0.0,false
,48,350,12.25,depth,MY_SHIP1.CHARGE1.1.DEPTH1.1,49.65965277777774,117.42611111111111,0.0,0.0,5.0,0.0
,49,351,12.285,ship,MY_SHIP1,49.65972222222218,117.42611111111111,0.0,0.0,5.0,0.0,
,50,351,12.285,depth-charge,MY_SHIP1.CHARGE1.1,49.65972222222218,117.42611111111111,0.0,0.0,5.0,0.0,false
,51,351,12.285,depth,MY_SHIP1.CHARGE1.1.DEPTH1.1,49.65972222222218,117.42611111111111,0.0,0.0,5.0,0.0
,52,352,12.32,ship,MY_SHIP1,49.65979166666662,117.42611111111111,0.0,0.0,5.0,0.0,
,53,352,12.32,depth-charge,MY_SHIP1.CHARGE1.1,49.65979166666662,117.42611111111111,0.0,0.0,5.0,0.0,false
,54,352,12.32,depth,MY_SHIP1.CHARGE1.1.DEPTH1.1,49.65979166666662,117.42611111111111,0.0,0.0,5.0,0.0
,55,353,12.355,ship,MY_SHIP1,49.65986111111106,117.42611111111111,0.0,0.0,5.0,0.0,
,56,353,12.355,depth-charge,MY_SHIP1.CHARGE1.1,49.65986111111106,117.42611111111111,0.0,0.0,5.0,0.0,false
,57,353,12.355,depth,MY_SHIP1.CHARGE1.1.DEPTH1.1,49.65986111111106,117.42611111111111,0.0,0.0,5.0,0.0
,58,354,12.39,ship,MY_SHIP1,49.659930555555505,117.42611111111111,0.0,0.0,5.0,0.0,
,59,354,12.39,depth-charge,MY_SHIP1.CHARGE1.1,49.659930555555505,117.42611111111111,0.0,0.0,5.0,0.0,false
,60,354,12.39,depth,MY_SHIP1.CHARGE1.1.DEPTH1.1,49.659930555555505,117.42611111111111,0.0,0.0,5.0,0.0
,61,355,12.425,ship,MY_SHIP1,49.65999999999995,117.42611111111111,0.0,0.0,5.0,0.0,
,62,355,12.425,depth-charge,MY_SHIP1.CHARGE1.1,49.65999999999995,117.42611111111111,0.0,0.0,5.0,0.0,false
,63,355,12.425,depth,MY_SHIP1.CHARGE1.1.DEPTH1.1,49.65999999999995,117.42611111111111,0.0,0.0,5.0,0.0
,64,356,12.46,ship,MY_SHIP1,49.66006944444439,117.42611111111111,0.0,0.0,5.0,0.0,
,65,356,12.46,depth-charge,MY_SHIP1.CHARGE1.1,49.66006944444439,117.42611111111111,0.0,0.0,5.0,0.0,false
,66,356,12.46,depth,MY_SHIP1.CHARGE1.1.DEPTH1.1,49.66006944444439,117.42611111111111,0.0,0.0,5.0,0.0
,67,357,12.495,ship,MY_SHIP1,49.66013888888883,117.42611111111111,0.0,0.0,5.0,0.0,
,68,357,12.495,depth-charge,MY_SHIP1.CHARGE1.1,49.66013888888883,117.42611111111111,0.0,0.0,5.0,0.0,false
,69,357,12.495,depth,MY_SHIP1.CHARGE1.1.DEPTH1.1,49.66013888888883,117.42611111111111,0.0,0.0,5.0,0.0
,70,358,12.53,ship,MY_SHIP1,49.66020833333327,117.42611111111111,0.0,0.0,5.0,0.0,
,71,358,12.53,depth-charge,MY_SHIP1.CHARGE1.1,49.66020833333327,117.42611111111111,0.0,0.0,5.0,0.0,false
,72,358,12.53,depth,MY_SHIP1.CHARGE1.1.DEPTH1.1,49.66020833333327,117.42611111111111,0.0,0.0,5.0,0.0
,73,359,12.565,ship,MY_SHIP1,49.660277777777715,117.42611111111111,0.0,0.0,5.0,0.0,
,74,359,12.565,depth-charge,MY_SHIP1.CHARGE1.1,49.660277777777715,117.42611111111111,0.0,0.0,5.0,0.0,false
,75,359,12.565,depth,MY_SHIP1.CHARGE1.1.DEPTH1.1,49.660277777777715,117.42611111111111,0.0,0.0,5.0,0.0
,76,360,12.6,ship,MY_SHIP1,49.66034722222216,117.42611111111111,0.0,0.0,5.0,0.0,
,77,360,12.6,depth-charge,MY_SHIP1.CHARGE1.1,49.66034722222216,117.42611111111111,0.0,0.0,5.0,0.0,false
,78,360,12.6,depth,MY_SHIP1.CHARGE1.1.DEPTH1.1,49.66034722222216,117.42611111111111,0.0,0.0,5.0,0.0
,79,361,12.635,ship,MY_SHIP1,49.6604166666666,117.42611111111111,0.0,0.0,5.0,0.0,
,80,361,12.635,depth-charge,MY_SHIP1.CHARGE1.1,49.6604166666666,117.42611111111111,0.0,0.0,5.0,0.0,false
,81,361,12.635,depth,MY_SHIP1.CHARGE1.1.DEPTH1.1,49.6604166666666,117.42611111111111,0.0,0.0,5.0,0.0
,82,362,12.67,ship,MY_SHIP1,49.66048611111104,117.42611111111111,0.0,0.0,5.0,0.0,
,83,362,12.67,depth-charge,MY_SHIP1.CHARGE1.1,49.66048611111104,117.42611111111111,0.0,0.0,5.0,0.0,false
,84,362,12.67,depth,MY_SHIP1.CHARGE1.1.DEPTH1.1,49.66048611111104,117.42611111111111,0.0,0.0,5.0,0.0
,85,363,12.705,ship,MY_SHIP1,49.66055555555548,117.42611111111111,0.0,0.0,5.0,0.0,
,86,363,12.705,depth-charge,MY_SHIP1.CHARGE1.1,49.66055555555548,117.42611111111111,0.0,0.0,5.0,0.0,false
,87,363,12.705,depth,MY_SHIP1.CHARGE1.1.DEPTH1.1,49.66055555555548,117.42611111111111,0.0,0.0,5.0,0.0
,88,364,12.74,ship,MY_SHIP1,49.660624999999925,117.42611111111111,0.0,0.0,5.0,0.0,
,89,364,12.74,depth-charge,MY_SHIP1.CHARGE1.1,49.660624999999925,117.42611111111111,0.0,0.0,5.0,0.0,false
,90,364,12.74,depth,MY_SHIP1.CHARGE1.1.DEPTH1.1,49.660624999999925,117.42611111111111,0.0,0.0,5.0,0.0
,91,365,12.775,ship,MY_SHIP1,49.66069444444437,117.42611111111111,0.0,0.0,5.0,0.0,
,92,365,12.775,depth-charge,MY_SHIP1.CHARGE1.1,49.66069444444437,117.42611111111111,0.0,0.0,5.0,0.0,false
,93,365,12.775,depth,MY_SHIP1.CHARGE1.1.DEPTH1.1,49.66069444444437,117.42611111111111,0.0,0.0,5.0,0.0
,94,366,12.81,ship,MY_SHIP1,49.66076388888881,117.42611111111111,0.0,0.0,5.0,0.0,
,95,366,12.81,depth-charge,MY_SHIP1.CHARGE1.1,49.66076388888881,117.42611111111111,0.0,0.0,5.0,0.0,false
,96,366,12.81,depth,MY_SHIP1.CHARGE1.1.DEPTH1.1,49.66076388888881,117.42611111111111,0.0,0.0,5.0,0.0
,97,367,12.845,ship,MY_SHIP1,49.66083333333325,117.42611111111111,0.0,0.0,5.0,0.0,
,98,367,12.845,depth-charge,MY_SHIP1.CHARGE1.1,49.66083333333325,117.42611111111111,0.0,0.0,5.0,0.0,false
,99,367,12.845,depth,MY_SHIP1.CHARGE1.1.DEPTH1.1,49.66083333333325,117.42611111111111,0.0,0.0,5.0,0.0
,100,368,12.88,ship,MY_SHIP1,49.66090277777769,117.42611111111111,0.0,0.0,5.0,0.0,
,101,368,12.88,depth-charge,MY_SHIP1.CHARGE1.1,49.66090277777769,117.42611111111111,0.0,0.0,5.0,0.0,false
,102,368,12.88,depth,MY_SHIP1.CHARGE1.1.DEPTH1.1,49.66090277777769,117.42611111111111,0.0,0.0,5.0,0.0
,103,369,12.915,ship,MY_SHIP1,49.660972222222135,117.42611111111111,0.0,0.0,5.0,0.0,
,104,369,12.915,depth-charge,MY_SHIP1.CHARGE1.1,49.660972222222135,117.42611111111111,0.0,0.0,5.0,0.0,false
,105,369,12.915,depth,MY_SHIP1.CHARGE1.1.DEPTH1.1,49.660972222222135,117.42611111111111,0.0,0.0,5.0,0.0
,106,370,12.95,ship,MY_SHIP1,49.66104166666658,117.42611111111111,0.0,0.0,5.0,0.0,
,107,370,12.95,depth-charge,MY_SHIP1.CHARGE1.1,49.66104166666658,117.42611111111111,0.0,0.0,5.0,0.0,false
,108,370,12.95,depth,MY_SHIP1.CHARGE1.1.DEPTH1.1,49.66104166666658,117.42611111111111,0.0,0.0,5.0,0.0
,109,371,12.985,ship,MY_SHIP1,49.66111111111102,117.42611111111111,0.0,0.0,5.0,0.0,
,110,371,12.985,depth-charge,MY_SHIP1.CHARGE1.1,49.66111111111102,117.42611111111111,0.0,0.0,5.0,0.0,false
,111,371,12.985,depth,MY_SHIP1.CHARGE1.1.DEPTH1.1,49.66111111111102,117.42611111111111,0.0,0.0,5.0,0.0
,112,372,13.02,ship,MY_SHIP1,49.66118055555546,117.42611111111111,0.0,0.0,5.0,0.0,
,113,372,13.02,depth-charge,MY_SHIP1.CHARGE1.1,49.66118055555546,117.42611111111111,0.0,0.0,5.0,0.0,false
,114,372,13.02,depth,MY_SHIP1.CHARGE1.1.DEPTH1.1,49.66118055555546,117.42611111111111,0.0,0.0,5.0,0.0
,115,373,13.055,ship,MY_SHIP1,49.6612499999999,117.42611111111111,0.0,0.0,5.0,0.0,
,116,373,13.055,depth-charge,MY_SHIP1.CHARGE1.1,49.6612499999999,117.42611111111111,0.0,0.0,5.0,0.0,false
,117,373,13.055,depth,MY_SHIP1.CHARGE1.1.DEPTH1.1,49.6612499999999,117.42611111111111,0.0,0.0,5.0,0.0
,118,374,13.09,ship,MY_SHIP1,49.661319444444345,117.42611111111111,0.0,0.0,5.0,0.0,
,119,374,13.09,depth-charge,MY_SHIP1.CHARGE1.1,49.661319444444345,117.42611111111111,0.0,0.0,5.0,0.0,false
,120,374,13.09,depth,MY_SHIP1.CHARGE1.1.DEPTH1.1,49.661319444444345,117.42611111111111,0.0,0.0,5.0,0.0
,121,375,13.125,ship,MY_SHIP1,49.66138888888879,117.42611111111111,0.0,0.0,5.0,0.0,
,122,375,13.125,depth-charge,MY_SHIP1.CHARGE1.1,49.66138888888879,117.42611111111111,0.0,0.0,5.0,0.0,false
,123,375,13.125,depth,MY_SHIP1.CHARGE1.1.DEPTH1.1,49.66138888888879,117.42611111111111,0.0,0.0,5.0,0.0
,124,376,13.16,ship,MY_SHIP1,49.66145833333323,117.42611111111111,0.0,0.0,5.0,0.0,
,125,376,13.16,depth-charge,MY_SHIP1.CHARGE1.1,49.66145833333323,117.42611111111111,0.0,0.0,5.0,0.0,false
,126,376,13.16,depth,MY_SHIP1.CHARGE1.1.DEPTH1.1,49.66145833333323,117.42611111111111,0.0,0.0,5.0,0.0
,127,377,13.195,ship,MY_SHIP1,49.66152777777767,117.42611111111111,0.0,0.0,5.0,0.0,
,128,377,13.195,depth-charge,MY_SHIP1.CHARGE1.1,49.66152777777767,117.42611111111111,0.0,0.0,5.0,0.0,false
,129,377,13.195,depth,MY_SHIP1.CHARGE1.1.DEPTH1.1,49.66152777777767,117.42611111111111,0.0,0.0,5.0,0.0
,130,378,13.23,ship,MY_SHIP1,49.66159722222211,117.42611111111111,0.0,0.0,5.0,0.0,
,131,378,13.23,depth-charge,MY_SHIP1.CHARGE1.1,49.66159722222211,117.42611111111111,0.0,0.0,5.0,0.0,false
,132,378,13.23,depth,MY_SHIP1.CHARGE1.1.DEPTH1.1,49.66159722222211,117.42611111111111,0.0,0.0,5.0,0.0
,133,379,13.265,ship,MY_SHIP1,49.661666666666555,117.42611111111111,0.0,0.0,5.0,0.0,
,134,379,13.265,depth-charge,MY_SHIP1.CHARGE1.1,49.661666666666555,117.42611111111111,0.0,0.0,5.0,0.0,false
,135,379,13.265,depth,MY_SHIP1.CHARGE1.1.DEPTH1.1,49.661666666666555,117.42611111111111,0.0,0.0,5.0,0.0
,136,380,13.3,ship,MY_SHIP1,49.661736111111,117.42611111111111,0.0,0.0,5.0,0.0,
,137,380,13.3,depth-charge,MY_SHIP1.CHARGE1.1,49.661736111111,117.42611111111111,0.0,0.0,5.0,0.0,false
,138,380,13.3,depth,MY_SHIP1.CHARGE1.1.DEPTH1.1,49.661736111111,117.42611111111111,0.0,0.0,5.0,0.0
,139,381,13.335,ship,MY_SHIP1,49.66180555555544,117.42611111111111,0.0,0.0,5.0,0.0,
,140,381,13.335,depth-charge,MY_SHIP1.CHARGE1.1,49.66180555555544,117.42611111111111,0.0,0.0,5.0,0.0,false
,141,381,13.335,depth,MY_SHIP1.CHARGE1.1.DEPTH1.1,49.66180555555544,117.42611111111111,0.0,0.0,5.0,0.0
,142,382,13.37,ship,MY_SHIP1,49.66187499999988,117.42611111111111,0.0,0.0,5.0,0.0,
,143,382,13.37,depth-charge,MY_SHIP1.CHARGE1.1,49.66187499999988,117.42611111111111,0.0,0.0,5.0,0.0,false
,144,382,13.37,depth,MY_SHIP1.CHARGE1.1.DEPTH1.1,49.66187499999988,117.42611111111111,0.0,0.0,5.0,0.0
,145,383,13.405,ship,MY_SHIP1,49.66194444444432,117.42611111111111,0.0,0.0,5.0,0.0,
,146,383,13.405,depth-charge,MY_SHIP1.CHARGE1.1,49.66194444444432,117.42611111111111,0.0,0.0,5.0,0.0,false
,147,383,13.405,depth,MY_SHIP1.CHARGE1.1.DEPTH1.1,49.66194444444432,117.42611111111111,0.0,0.0,5.0,0.0
,148,384,13.44,ship,MY_SHIP1,49.662013888888765,117.42611111111111,0.0,0.0,5.0,0.0,
,149,384,13.44,depth-charge,MY_SHIP1.CHARGE1.1,49.662013888888765,117.42611111111111,0.0,0.0,5.0,0.0,false
,150,384,13.44,depth,MY_SHIP1.CHARGE1.1.DEPTH1.1,49.662013888888765,117.42611111111111,0.0,0.0,5.0,0.0
,151,385,13.475,ship,MY_SHIP1,49.66208333333321,117.42611111111111,0.0,0.0,5.0,0.0,
,152,385,13.475,depth-charge,MY_SHIP1.CHARGE1.1,49.66208333333321,117.42611111111111,0.0,0.0,5.0,0.0,false
,153,385,13.475,depth,MY_SHIP1.CHARGE1.1.DEPTH1.1,49.66208333333321,117.42611111111111,0.0,0.0,5.0,0.0
,154,386,13.51,ship,MY_SHIP1,49.66215277777765,117.42611111111111,0.0,0.0,5.0,0.0,
,155,386,13.51,depth-charge,MY_SHIP1.CHARGE1.1,49.66215277777765,117.42611111111111,0.0,0.0,5.0,0.0,false
,156,386,13.51,depth,MY_SHIP1.CHARGE1.1.DEPTH1.1,49.66215277777765,117.42611111111111,0.0,0.0,5.0,0.0
,157,387,13.545,ship,MY_SHIP1,49.66222222222209,117.42611111111111,0.0,0.0,5.0,0.0,
,158,387,13.545,depth-charge,MY_SHIP1.CHARGE1.1,49.66222222222209,117.42611111111111,0.0,0.0,5.0,0.0,false
,159,387,13.545,depth,MY_SHIP1.CHARGE1.1.DEPTH1.1,49.66222222222209,117.42611111111111,0.0,0.0,5.0,0.0
,160,388,13.58,ship,MY_SHIP1,49.66229166666653,117.42611111111111,0.0,0.0,5.0,0.0,
,161,388,13.58,depth-charge,MY_SHIP1.CHARGE1.1,49.66229166666653,117.42611111111111,0.0,0.0,5.0,0.0,false
,162,388,13.58,depth,MY_SHIP1.CHARGE1.1.DEPTH1.1,49.66229166666653,117.42611111111111,0.0,0.0,5.0,0.0
,163,389,13.615,ship,MY_SHIP1,49.662361111110975,117.42611111111111,0.0,0.0,5.0,0.0,
,164,389,13.615,depth-charge,MY_SHIP1.CHARGE1.1,49.662361111110975,117.42611111111111,0.0,0.0,5.0,0.0,false
,165,389,13.615,depth,MY_SHIP1.CHARGE1.1.DEPTH1.1,49.662361111110975,117.42611111111111,0.0,0.0,5.0,0.0
,166,390,13.65,ship,MY_SHIP1,49.66243055555542,117.42611111111111,0.0,0.0,5.0,0.0,
,167,390,13.65,depth-charge,MY_SHIP1.CHARGE1.1,49.66243055555542,117.42611111111111,0.0,0.0,5.0,0.0,false
,168,390,13.65,depth,MY_SHIP1.CHARGE1.1.DEPTH1.1,49.66243055555542,117.42611111111111,0.0,0.0,5.0,0.0
,169,391,13.685,ship,MY_SHIP1,49.66249999999986,117.42611111111111,0.0,0.0,5.0,0.0,
,170,391,13.685,depth-charge,MY_SHIP1.CHARGE1.1,49.66249999999986,117.42611111111111,0.0,0.0,5.0,0.0,false
,171,391,13.685,depth,MY_SHIP1.CHARGE1.1.DEPTH1.1,49.66249999999986,117.42611111111111,0.0,0.0,5.0,0.0
,172,392,13.72,ship,MY_SHIP1,49.6625694444443,117.42611111111111,0.0,0.0,5.0,0.0,
,173,392,13.72,depth-charge,MY_SHIP1.CHARGE1.1,49.6625694444443,117.42611111111111,0.0,0.0,5.0,0.0,false
,174,392,13.72,depth,MY_SHIP1.CHARGE1.1.DEPTH1.1,49.6625694444443,117.42611111111111,0.0,0.0,5.0,0.0
,175,393,13.755,ship,MY_SHIP1,49.66263888888874,117.42611111111111,0.0,0.0,5.0,0.0,
,176,393,13.755,depth-charge,MY_SHIP1.CHARGE1.1,49.66263888888874,117.42611111111111,0.0,0.0,5.0,0.0,false
,177,393,13.755,depth,MY_SHIP1.CHARGE1.1.DEPTH1.1,49.66263888888874,117.42611111111111,0.0,0.0,5.0,0.0
,178,394,13.79,ship,MY_SHIP1,49.662708333333185,117.42611111111111,0.0,0.0,5.0,0.0,
,179,394,13.79,depth-charge,MY_SHIP1.CHARGE1.1,49.662708333333185,117.42611111111111,0.0,0.0,5.0,0.0,false
,180,394,13.79,depth,MY_SHIP1.CHARGE1.1.DEPTH1.1,49.662708333333185,117.42611111111111,0.0,0.0,5.0,0.0
,181,395,13.825,ship,MY_SHIP1,49.66277777777763,117.42611111111111,0.0,0.0,5.0,0.0,
,182,395,13.825,depth-charge,MY_SHIP1.CHARGE1.1,49.66277777777763,117.42611111111111,0.0,0.0,5.0,0.0,false
,183,395,13.825,depth,MY_SHIP1.CHARGE1.1.DEPTH1.1,49.66277777777763,117.42611111111111,0.0,0.0,5.0,0.0
,184,396,13.86,ship,MY_SHIP1,49.66284722222207,117.42611111111111,0.0,0.0,5.0,0.0,
,185,396,13.86,depth-charge,MY_SHIP1.CHARGE1.1,49.66284722222207,117.42611111111111,0.0,0.0,5.0,0.0,false
,186,396,13.86,depth,MY_SHIP1.CHARGE1.1.DEPTH1.1,49.66284722222207,117.42611111111111,0.0,0.0,5.0,0.0
,187,397,13.895,ship,MY_SHIP1,49.66291666666651,117.42611111111111,0.0,0.0,5.0,0.0,
,188,397,13.895,depth-charge,MY_SHIP1.CHARGE1.1,49.66291666666651,117.42611111111111,0.0,0.0,5.0,0.0,false
,189,397,13.895,depth,MY_SHIP1.CHARGE1.1.DEPTH1.1,49.66291666666651,117.42611111111111,0.0,0.0,5.0,0.0
,190,398,13.93,ship,MY_SHIP1,49.66298611111095,117.42611111111111,0.0,0.0,5.0,0.0,
,191,398,13.93,depth-charge,MY_SHIP1.CHARGE1.1,49.66298611111095,117.42611111111111,0.0,0.0,5.0,0.0,false
,192,398,13.93,depth,MY_SHIP1.CHARGE1.1.DEPTH1.1,49.66298611111095,117.42611111111111,0.0,0.0,5.0,0.0
,193,399,13.965,ship,MY_SHIP1,49.663055555555395,117.42611111111111,0.0,0.0,5.0,0.0,
,194,399,13.965,depth-charge,MY_SHIP1.CHARGE1.1,49.663055555555395,117.42611111111111,0.0,0.0,5.0,0.0,false
,195,399,13.965,depth,MY_SHIP1.CHARGE1.1.DEPTH1.1,49.663055555555395,117.42611111111111,0.0,0.0,5.0,0.0
,196,400,14.0,ship,MY_SHIP1,49.66312499999984,117.42611111111111,0.0,0.0,5.0,0.0,
,197,400,14.0,depth-charge,MY_SHIP1.CHARGE1.1,49.66312499999984,117.42611111111111,0.0,0.0,5.0,0.0,false
,198,400,14.0,depth,MY_SHIP1.CHARGE1.1.DEPTH1.1,49.66312499999984,117.42611111111111,0.0,0.0,5.0,0.0
,199,401,14.035,ship,MY_SHIP1,49.66319444444428,117.42611111111111,0.0,0.0,5.0,0.0,
,200,401,14.035,depth-charge,MY_SHIP1.CHARGE1.1,49.66319444444428,117.42611111111111,0.0,0.0,5.0,0.0,false
,201,401,14.035,depth,MY_SHIP1.CHARGE1.1.DEPTH1.1,49.66319444444428,117.42611111111111,0.0,0.0,5.0,0.0
,202,402,14.07,ship,MY_SHIP1,49.66326388888872,117.42611111111111,0.0,0.0,5.0,0.0,
,203,402,14.07,depth-charge,MY_SHIP1.CHARGE1.1,49.66326388888872,117.42611111111111,0.0,0.0,5.0,0.0,false
,204,402,14.07,depth,MY_SHIP1.CHARGE1.1.DEPTH1.1,49.66326388888872,117.42611111111111,0.0,0.0,5.0,0.0
,205,403,14.105,ship,MY_SHIP1,49.66333333333316,117.42611111111111,0.0,0.0,5.0,0.0,
,206,403,14.105,depth-charge,MY_SHIP1.CHARGE1.1,49.66333333333316,117.42611111111111,0.0,0.0,5.0,0.0,false
,207,403,14.105,depth,MY_SHIP1.CHARGE1.1.DEPTH1.1,49.66333333333316,117.42611111111111,0.0,0.0,5.0,0.0
,208,404,14.14,ship,MY_SHIP1,49.663402777777605,117.42611111111111,0.0,0.0,5.0,0.0,
,209,404,14.14,depth-charge,MY_SHIP1.CHARGE1.1,49.663402777777605,117.42611111111111,0.0,0.0,5.0,0.0,false
,210,404,14.14,depth,MY_SHIP1.CHARGE1.1.DEPTH1.1,49.663402777777605,117.42611111111111,0.0,0.0,5.0,0.0
,211,405,14.175,ship,MY_SHIP1,49.66347222222205,117.42611111111111,0.0,0.0,5.0,0.0,
,212,405,14.175,depth-charge,MY_SHIP1.CHARGE1.1,49.66347222222205,117.42611111111111,0.0,0.0,5.0,0.0,false
,213,405,14.175,depth,MY_SHIP1.CHARGE1.1.DEPTH1.1,49.66347222222205,117.42611111111111,0.0,0.0,5.0,0.0
,214,406,14.21,ship,MY_SHIP1,49.66354166666649,117.42611111111111,0.0,0.0,5.0,0.0,
,215,406,14.21,depth-charge,MY_SHIP1.CHARGE1.1,49.66354166666649,117.42611111111111,0.0,0.0,5.0,0.0,false
,216,406,14.21,depth,MY_SHIP1.CHARGE1.1.DEPTH1.1,49.66354166666649,117.42611111111111,0.0,0.0,5.0,0.0
,217,407,14.245,ship,MY_SHIP1,49.66361111111093,117.42611111111111,0.0,0.0,5.0,0.0,
,218,407,14.245,depth-charge,MY_SHIP1.CHARGE1.1,49.66361111111093,117.42611111111111,0.0,0.0,5.0,0.0,false
,219,407,14.245,depth,MY_SHIP1.CHARGE1.1.DEPTH1.1,49.66361111111093,117.42611111111111,0.0,0.0,5.0,0.0
,220,408,14.28,ship,MY_SHIP1,49.66368055555537,117.42611111111111,0.0,0.0,5.0,0.0,
,221,408,14.28,depth-charge,MY_SHIP1.CHARGE1.1,49.66368055555537,117.42611111111111,0.0,0.0,5.0,0.0,false
,222,408,14.28,depth,MY_SHIP1.CHARGE1.1.DEPTH1.1,49.66368055555537,117.42611111111111,0.0,0.0,5.0,0.0
,223,409,14.315,ship,MY_SHIP1,49.663749999999816,117.42611111111111,0.0,0.0,5.0,0.0,
,224,409,14.315,depth-charge,MY_SHIP1.CHARGE1.1,49.663749999999816,117.42611111111111,0.0,0.0,5.0,0.0,false
,225,409,14.315,depth,MY_SHIP1.CHARGE1.1.DEPTH1.1,49.663749999999816,117.42611111111111,0.0,0.0,5.0,0.0
,226,410,14.35,ship,MY_SHIP1,49.66381944444426,117.42611111111111,0.0,0.0,5.0,0.0,
,227,410,14.35,depth-charge,MY_SHIP1.CHARGE1.1,49.66381944444426,117.42611111111111,0.0,0.0,5.0,0.0,false
,228,410,14.35,depth,MY_SHIP1.CHARGE1.1.DEPTH1.1,49.66381944444426,117.42611111111111,0.0,0.0,5.0,0.0
,229,411,14.385,ship,MY_SHIP1,49.6638888888887,117.42611111111111,0.0,0.0,5.0,0.0,
,230,411,14.385,depth-charge,MY_SHIP1.CHARGE1.1,49.6638888888887,117.42611111111111,0.0,0.0,5.0,0.0,false
,231,411,14.385,depth,MY_SHIP1.CHARGE1.1.DEPTH1.1,49.6638888888887,117.42611111111111,0.0,0.0,5.0,0.0
,232,412,14.42,ship,MY_SHIP1,49.66395833333314,117.42611111111111,0.0,0.0,5.0,0.0,
,233,412,14.42,depth-charge,MY_SHIP1.CHARGE1.1,49.66395833333314,117.42611111111111,0.0,0.0,5.0,0.0,false
,234,412,14.42,depth,MY_SHIP1.CHARGE1.1.DEPTH1.1,49.66395833333314,117.42611111111111,0.0,0.0,5.0,0.0
,235,413,14.455,ship,MY_SHIP1,49.664027777777584,117.42611111111111,0.0,0.0,5.0,0.0,
,236,413,14.455,depth-charge,MY_SHIP1.CHARGE1.1,49.664027777777584,117.42611111111111,0.0,0.0,5.0,0.0,false
,237,413,14.455,depth,MY_SHIP1.CHARGE1.1.DEPTH1.1,49.664027777777584,117.42611111111111,0.0,0.0,5.0,0.0
,238,414,14.49,ship,MY_SHIP1,49.664097222222026,117.42611111111111,0.0,0.0,5.0,0.0,
,239,414,14.49,depth-charge,MY_SHIP1.CHARGE1.1,49.664097222222026,117.42611111111111,0.0,0.0,5.0,0.0,false
,240,414,14.49,depth,MY_SHIP1.CHARGE1.1.DEPTH1.1,49.664097222222026,117.42611111111111,0.0,0.0,5.0,0.0
,241,415,14.525,ship,MY_SHIP1,49.66416666666647,117.42611111111111,0.0,0.0,5.0,0.0,
,242,415,14.525,depth-charge,MY_SHIP1.CHARGE1.1,49.66416666666647,117.42611111111111,0.0,0.0,5.0,0.0,false
,243,415,14.525,depth,MY_SHIP1.CHARGE1.1.DEPTH1.1,49.66416666666647,117.42611111111111,0.0,0.0,5.0,0.0
,244,416,14.56,ship,MY_SHIP1,49.66423611111091,117.42611111111111,0.0,0.0,5.0,0.0,
,245,416,14.56,depth-charge,MY_SHIP1.CHARGE1.1,49.66423611111091,117.42611111111111,0.0,0.0,5.0,0.0,false
,246,416,14.56,depth,MY_SHIP1.CHARGE1.1.DEPTH1.1,49.66423611111091,117.42611111111111,0.0,0.0,5.0,0.0
,247,417,14.595,ship,MY_SHIP1,49.66430555555535,117.42611111111111,0.0,0.0,5.0,0.0,
,248,417,14.595,depth-charge,MY_SHIP1.CHARGE1.1,49.66430555555535,117.42611111111111,0.0,0.0,5.0,0.0,false
,249,417,14.595,depth,MY_SHIP1.CHARGE1.1.DEPTH1.1,49.66430555555535,117.42611111111111,0.0,0.0,5.0,0.0
,250,418,14.63,ship,MY_SHIP1,49.664374999999794,117.42611111111111,0.0,0.0,5.0,0.0,
,251,418,14.63,depth-charge,MY_SHIP1.CHARGE1.1,49.664374999999794,117.42611111111111,0.0,0.0,5.0,0.0,false
,252,418,14.63,depth,MY_SHIP1.CHARGE1.1.DEPTH1.1,49.664374999999794,117.42611111111111,0.0,0.0,5.0,0.0
,253,419,14.665,ship,MY_SHIP1,49.664444444444236,117.42611111111111,0.0,0.0,5.0,0.0,
,254,419,14.665,depth-charge,MY_SHIP1.CHARGE1.1,49.664444444444236,117.42611111111111,0.0,0.0,5.0,0.0,false
,255,419,14.665,depth,MY_SHIP1.CHARGE1.1.DEPTH1.1,49.664444444444236,117.42611111111111,0.0,0.0,5.0,0.0
,256,420,14.7,ship,MY_SHIP1,49.66451388888868,117.42611111111111,0.0,0.0,5.0,0.0,
,257,420,14.7,depth-charge,MY_SHIP1.CHARGE1.1,49.66451388888868,117.42611111111111,0.0,0.0,5.0,0.0,false
,258,420,14.7,depth,MY_SHIP1.CHARGE1.1.DEPTH1.1,49.66451388888868,117.42611111111111,0.0,0.0,5.0,0.0
,259,421,14.735,ship,MY_SHIP1,49.66458333333312,117.42611111111111,0.0,0.0,5.0,0.0,
,260,421,14.735,depth-charge,MY_SHIP1.CHARGE1.1,49.66458333333312,117.42611111111111,0.0,0.0,5.0,0.0,false
,261,421,14.735,depth,MY_SHIP1.CHARGE1.1.DEPTH1.1,49.66458333333312,117.42611111111111,0.0,0.0,5.0,0.0
,262,422,14.77,ship,MY_SHIP1,49.66465277777756,117.42611111111111,0.0,0.0,5.0,0.0,
,263,422,14.77,depth-charge,MY_SHIP1.CHARGE1.1,49.66465277777756,117.42611111111111,0.0,0.0,5.0,0.0,false
,264,422,14.77,depth,MY_SHIP1.CHARGE1.1.DEPTH1.1,49.66465277777756,117.42611111111111,0.0,0.0,5.0,0.0
,265,423,14.805,ship,MY_SHIP1,49.664722222222004,117.42611111111111,0.0,0.0,5.0,0.0,
,266,423,14.805,depth-charge,MY_SHIP1.CHARGE1.1,49.664722222222004,117.42611111111111,0.0,0.0,5.0,0.0,false
,267,423,14.805,depth,MY_SHIP1.CHARGE1.1.DEPTH1.1,49.664722222222004,117.42611111111111,0.0,0.0,5.0,0.0
,268,424,14.84,ship,MY_SHIP1,49.664791666666446,117.42611111111111,0.0,0.0,5.0,0.0,
,269,424,14.84,depth-charge,MY_SHIP1.CHARGE1.1,49.664791666666446,117.42611111111111,0.0,0.0,5.0,0.0,false
,270,424,14.84,depth,MY_SHIP1.CHARGE1.1.DEPTH1.1,49.664791666666446,117.42611111111111,0.0,0.0,5.0,0.0
,271,425,14.875,ship,MY_SHIP1,49.66486111111089,117.42611111111111,0.0,0.0,5.0,0.0,
,272,425,14.875,depth-charge,MY_SHIP1.CHARGE1.1,49.66486111111089,117.42611111111111,0.0,0.0,5.0,0.0,false
,273,425,14.875,depth,MY_SHIP1.CHARGE1.1.DEPTH1.1,49.66486111111089,117.42611111111111,0.0,0.0,5.0,0.0
,274,426,14.91,ship,MY_SHIP1,49.66493055555533,117.42611111111111,0.0,0.0,5.0,0.0,
,275,426,14.91,depth-charge,MY_SHIP1.CHARGE1.1,49.66493055555533,117.42611111111111,0.0,0.0,5.0,0.0,false
,276,426,14.91,depth,MY_SHIP1.CHARGE1.1.DEPTH1.1,49.66493055555533,117.42611111111111,0.0,0.0,5.0,0.0
,277,427,14.945,ship,MY_SHIP1,49.66499999999977,117.42611111111111,0.0,0.0,5.0,0.0,
,278,427,14.945,depth-charge,MY_SHIP1.CHARGE1.1,49.66499999999977,117.42611111111111,0.0,0.0,5.0,0.0,false
,279,427,14.945,depth,MY_SHIP1.CHARGE1.1.DEPTH1.1,49.66499999999977,117.42611111111111,0.0,0.0,5.0,0.0
,280,428,14.98,ship,MY_SHIP1,49.665069444444214,117.42611111111111,0.0,0.0,5.0,0.0,
,281,428,14.98,depth-charge,MY_SHIP1.CHARGE1.1,49.665069444444214,117.42611111111111,0.0,0.0,5.0,0.0,false
,282,428,14.98,depth,MY_SHIP1.CHARGE1.1.DEPTH1.1,49.665069444444214,117.42611111111111,0.0,0.0,5.0,0.0
,283,429,15.015,ship,MY_SHIP1,49.665138888888656,117.42611111111111,0.0,0.0,5.0,0.0,
,284,429,15.015,depth-charge,MY_SHIP1.CHARGE1.1,49.665138888888656,117.42611111111111,0.0,0.0,5.0,0.0,false
,285,429,15.015,depth,MY_SHIP1.CHARGE1.1.DEPTH1.1,49.665138888888656,117.42611111111111,0.0,0.0,5.0,0.0
,286,430,15.05,ship,MY_SHIP1,49.6652083333331,117.42611111111111,0.0,0.0,5.0,0.0,
,287,430,15.05,depth-charge,MY_SHIP1.CHARGE1.1,49.6652083333331,117.42611111111111,0.0,0.0,5.0,0.0,false
,288,430,15.05,depth,MY_SHIP1.CHARGE1.1.DEPTH1.1,49.6652083333331,117.42611111111111,0.0,0.0,5.0,0.0
,289,431,15.085,ship,MY_SHIP1,49.66527777777754,117.42611111111111,0.0,0.0,5.0,0.0,
,290,431,15.085,depth-charge,MY_SHIP1.CHARGE1.1,49.66527777777754,117.42611111111111,0.0,0.0,5.0,0.0,false
,291,431,15.085,depth,MY_SHIP1.CHARGE1.1.DEPTH1.1,49.66527777777754,117.42611111111111,0.0,0.0,5.0,0.0
,292,432,15.12,ship,MY_SHIP1,49.66534722222198,117.42611111111111,0.0,0.0,5.0,0.0,
,293,432,15.12,depth-charge,MY_SHIP1.CHARGE1.1,49.66534722222198,117.42611111111111,0.0,0.0,5.0,0.0,false
,294,432,15.12,depth,MY_SHIP1.CHARGE1.1.DEPTH1.1,49.66534722222198,117.42611111111111,0.0,0.0,5.0,0.0
,295,433,15.155,ship,MY_SHIP1,49.665416666666424,117.42611111111111,0.0,0.0,5.0,0.0,
,296,433,15.155,depth-charge,MY_SHIP1.CHARGE1.1,49.665416666666424,117.42611111111111,0.0,0.0,5.0,0.0,false
,297,433,15.155,depth,MY_SHIP1.CHARGE1.1.DEPTH1.1,49.665416666666424,117.42611111111111,0.0,0.0,5.0,0.0
,298,434,15.19,ship,MY_SHIP1,49.665486111110866,117.42611111111111,0.0,0.0,5.0,0.0,
,299,434,15.19,depth-charge,MY_SHIP1.CHARGE1.1,49.665486111110866,117.42611111111111,0.0,0.0,5.0,0.0,false
,300,434,15.19,depth,MY_SHIP1.CHARGE1.1.DEPTH1.1,49.665486111110866,117.42611111111111,0.0,0.0,5.0,0.0
,301,435,15.225,ship,MY_SHIP1,49.66555555555531,117.42611111111111,0.0,0.0,5.0,0.0,
,302,435,15.225,depth-charge,MY_SHIP1.CHARGE1.1,49.66555555555531,117.42611111111111,0.0,0.0,5.0,0.0,false
,303,435,15.225,depth,MY_SHIP1.CHARGE1.1.DEPTH1.1,49.66555555555531,117.42611111111111,0.0,0.0,5.0,0.0
,304,436,15.26,ship,MY_SHIP1,49.66562499999975,117.42611111111111,0.0,0.0,5.0,0.0,
,305,436,15.26,depth-charge,MY_SHIP1.CHARGE1.1,49.66562499999975,117.42611111111111,0.0,0.0,5.0,0.0,false
,306,436,15.26,depth,MY_SHIP1.CHARGE1.1.DEPTH1.1,49.66562499999975,117.42611111111111,0.0,0.0,5.0,0.0
,307,437,15.295,ship,MY_SHIP1,49.66569444444419,117.42611111111111,0.0,0.0,5.0,0.0,
,308,437,15.295,depth-charge,MY_SHIP1.CHARGE1.1,49.66569444444419,117.42611111111111,0.0,0.0,5.0,0.0,false
,309,437,15.295,depth,MY_SHIP1.CHARGE1.1.DEPTH1.1,49.66569444444419,117.42611111111111,0.0,0.0,5.0,0.0
,310,438,15.33,ship,MY_SHIP1,49.665763888888634,117.42611111111111,0.0,0.0,5.0,0.0,
,311,438,15.33,depth-charge,MY_SHIP1.CHARGE1.1,49.665763888888634,117.42611111111111,0.0,0.0,5.0,0.0,false
,312,438,15.33,depth,MY_SHIP1.CHARGE1.1.DEPTH1.1,49.665763888888634,117.42611111111111,0.0,0.0,5.0,0.0
,313,439,15.365,ship,MY_SHIP1,49.665833333333076,117.42611111111111,0.0,0.0,5.0,0.0,
,314,439,15.365,depth-charge,MY_SHIP1.CHARGE1.1,49.665833333333076,117.42611111111111,0.0,0.0,5.0,0.0,false
,315,439,15.365,depth,MY_SHIP1.CHARGE1.1.DEPTH1.1,49.665833333333076,117.42611111111111,0.0,0.0,5.0,0.0
,316,440,15.4,ship,MY_SHIP1,49.66590277777752,117.42611111111111,0.0,0.0,5.0,0.0,
,317,440,15.4,depth-charge,MY_SHIP1.CHARGE1.1,49.66590277777752,117.42611111111111,0.0,0.0,5.0,0.0,false
,318,440,15.4,depth,MY_SHIP1.CHARGE1.1.DEPTH1.1,49.66590277777752,117.42611111111111,0.0,0.0,5.0,0.0
,319,441,15.435,ship,MY_SHIP1,49.66597222222196,117.42611111111111,0.0,0.0,5.0,0.0,
,320,441,15.435,depth-charge,MY_SHIP1.CHARGE1.1,49.66597222222196,117.42611111111111,0.0,0.0,5.0,0.0,false
,321,441,15.435,depth,MY_SHIP1.CHARGE1.1.DEPTH1.1,49.66597222222196,117.42611111111111,0.0,0.0,5.0,0.0
,322,442,15.47,ship,MY_SHIP1,49.6660416666664,117.42611111111111,0.0,0.0,5.0,0.0,
,323,442,15.47,depth-charge,MY_SHIP1.CHARGE1.1,49.6660416666664,117.42611111111111,0.0,0.0,5.0,0.0,false
,324,442,15.47,depth,MY_SHIP1.CHARGE1.1.DEPTH1.1,49.6660416666664,117.42611111111111,0.0,0.0,5.0,0.0
,325,443,15.505,ship,MY_SHIP1,49.666111111110844,117.42611111111111,0.0,0.0,5.0,0.0,
,326,443,15.505,depth-charge,MY_SHIP1.CHARGE1.1,49.666111111110844,117.42611111111111,0.0,0.0,5.0,0.0,false
,327,443,15.505,depth,MY_SHIP1.CHARGE1.1.DEPTH1.1,49.666111111110844,117.42611111111111,0.0,0.0,5.0,0.0
,328,444,15.54,ship,MY_SHIP1,49.666180555555286,117.42611111111111,0.0,0.0,5.0,0.0,
,329,444,15.54,depth-charge,MY_SHIP1.CHARGE1.1,49.666180555555286,117.42611111111111,0.0,0.0,5.0,0.0,false
,330,444,15.54,depth,MY_SHIP1.CHARGE1.1.DEPTH1.1,49.666180555555286,117.42611111111111,0.0,0.0,5.0,0.0
,331,445,15.575,ship,MY_SHIP1,49.66624999999973,117.42611111111111,0.0,0.0,5.0,0.0,
,332,445,15.575,depth-charge,MY_SHIP1.CHARGE1.1,49.66624999999973,117.42611111111111,0.0,0.0,5.0,0.0,false
,333,445,15.575,depth,MY_SHIP1.CHARGE1.1.DEPTH1.1,49.66624999999973,117.42611111111111,0.0,0.0,5.0,0.0
,334,446,15.61,ship,MY_SHIP1,49.66631944444417,117.42611111111111,0.0,0.0,5.0,0.0,
,335,446,15.61,depth-charge,MY_SHIP1.CHARGE1.1,49.66631944444417,117.42611111111111,0.0,0.0,5.0,0.0,false
,336,446,15.61,depth,MY_SHIP1.CHARGE1.1.DEPTH1.1,49.66631944444417,117.42611111111111,0.0,0.0,5.0,0.0
,337,447,15.645,ship,MY_SHIP1,49.66638888888861,117.42611111111111,0.0,0.0,5.0,0.0,
,338,447,15.645,depth-charge,MY_SHIP1.CHARGE1.1,49.66638888888861,117.42611111111111,0.0,0.0,5.0,0.0,false
,339,447,15.645,depth,MY_SHIP1.CHARGE1.1.DEPTH1.1,49.66638888888861,117.42611111111111,0.0,0.0,5.0,0.0
,340,448,15.68,ship,MY_SHIP1,49.666458333333054,117.42611111111111,0.0,0.0,5.0,0.0,
,341,448,15.68,depth-charge,MY_SHIP1.CHARGE1.1,49.666458333333054,117.42611111111111,0.0,0.0,5.0,0.0,false
,342,448,15.68,depth,MY_SHIP1.CHARGE1.1.DEPTH1.1,49.666458333333054,117.42611111111111,0.0,0.0,5.0,0.0
,343,449,15.715,ship,MY_SHIP1,49.666527777777496,117.42611111111111,0.0,0.0,5.0,0.0,
,344,449,15.715,depth-charge,MY_SHIP1.CHARGE1.1,49.666527777777496,117.42611111111111,0.0,0.0,5.0,0.0,false
,345,449,15.715,depth,MY_SHIP1.CHARGE1.1.DEPTH1.1,49.666527777777496,117.42611111111111,0.0,0.0,5.0,0.0
,346,450,15.75,ship,MY_SHIP1,49.66659722222194,117.42611111111111,0.0,0.0,5.0,0.0,
,347,450,15.75,depth-charge,MY_SHIP1.CHARGE1.1,49.66659722222194,117.42611111111111,0.0,0.0,5.0,0.0,false
,348,450,15.75,depth,MY_SHIP1.CHARGE1.1.DEPTH1.1,49.66659722222194,117.42611111111111,0.0,0.0,5.0,0.0
,349,451,15.785,ship,MY_SHIP1,49.66666666666638,117.42611111111111,0.0,0.0,5.0,0.0,
,350,451,15.785,depth-charge,MY_SHIP1.CHARGE1.1,49.66666666666638,117.42611111111111,0.0,0.0,5.0,0.0,false
,351,451,15.785,depth,MY_SHIP1.CHARGE1.1.DEPTH1.1,49.66666666666638,117.42611111111111,0.0,0.0,5.0,0.0
,352,452,15.82,ship,MY_SHIP1,49.66673611111082,117.42611111111111,0.0,0.0,5.0,0.0,
,353,452,15.82,depth-charge,MY_SHIP1.CHARGE1.1,49.66673611111082,117.42611111111111,0.0,0.0,5.0,0.0,false
,354,452,15.82,depth,MY_SHIP1.CHARGE1.1.DEPTH1.1,49.66673611111082,117.42611111111111,0.0,0.0,5.0,0.0
,355,453,15.855,ship,MY_SHIP1,49.666805555555264,117.42611111111111,0.0,0.0,5.0,0.0,
,356,453,15.855,depth-charge,MY_SHIP1.CHARGE1.1,49.666805555555264,117.42611111111111,0.0,0.0,5.0,0.0,false
,357,453,15.855,depth,MY_SHIP1.CHARGE1.1.DEPTH1.1,49.666805555555264,117.42611111111111,0.0,0.0,5.0,0.0
,358,454,15.89,ship,MY_SHIP1,49.666874999999706,117.42611111111111,0.0,0.0,5.0,0.0,
,359,454,15.89,depth-charge,MY_SHIP1.CHARGE1.1,49.666874999999706,117.42611111111111,0.0,0.0,5.0,0.0,false
,360,454,15.89,depth,MY_SHIP1.CHARGE1.1.DEPTH1.1,49.666874999999706,117.42611111111111,0.0,0.0,5.0,0.0
,361,455,15.925,ship,MY_SHIP1,49.66694444444415,117.42611111111111,0.0,0.0,5.0,0.0,
,362,455,15.925,depth-charge,MY_SHIP1.CHARGE1.1,49.66694444444415,117.42611111111111,0.0,0.0,5.0,0.0,false
,363,455,15.925,depth,MY_SHIP1.CHARGE1.1.DEPTH1.1,49.66694444444415,117.42611111111111,0.0,0.0,5.0,0.0
,364,456,15.96,ship,MY_SHIP1,49.66701388888859,117.42611111111111,0.0,0.0,5.0,0.0,
,365,456,15.96,depth-charge,MY_SHIP1.CHARGE1.1,49.66701388888859,117.42611111111111,0.0,0.0,5.0,0.0,false
,366,456,15.96,depth,MY_SHIP1.CHARGE1.1.DEPTH1.1,49.66701388888859,117.42611111111111,0.0,0.0,5.0,0.0
,367,457,15.995,ship,MY_SHIP1,49.66708333333303,117.42611111111111,0.0,0.0,5.0,0.0,
,368,457,15.995,depth-charge,MY_SHIP1.CHARGE1.1,49.66708333333303,117.42611111111111,0.0,0.0,5.0,0.0,false
,369,457,15.995,depth,MY_SHIP1.CHARGE1.1.DEPTH1.1,49.66708333333303,117.42611111111111,0.0,0.0,5.0,0.0
,370,458,16.03,ship,MY_SHIP1,49.667152777777474,117.42611111111111,0.0,0.0,5.0,0.0,
,371,458,16.03,depth-charge,MY_SHIP1.CHARGE1.1,49.667152777777474,117.42611111111111,0.0,0.0,5.0,0.0,false
,372,458,16.03,depth,MY_SHIP1.CHARGE1.1.DEPTH1.1,49.667152777777474,117.42611111111111,0.0,0.0,5.0,0.0
,373,459,16.065,ship,MY_SHIP1,49.667222222221916,117.42611111111111,0.0,0.0,5.0,0.0,
,374,459,16.065,depth-charge,MY_SHIP1.CHARGE1.1,49.667222222221916,117.42611111111111,0.0,0.0,5.0,0.0,false
,375,459,16.065,depth,MY_SHIP1.CHARGE1.1.DEPTH1.1,49.667222222221916,117.42611111111111,0.0,0.0,5.0,0.0
,376,460,16.1,ship,MY_SHIP1,49.66729166666636,117.42611111111111,0.0,0.0,5.0,0.0,
,377,460,16.1,depth-charge,MY_SHIP1.CHARGE1.1,49.66729166666636,117.42611111111111,0.0,0.0,5.0,0.0,false
,378,460,16.1,depth,MY_SHIP1.CHARGE1.1.DEPTH1.1,49.66729166666636,117.42611111111111,0.0,0.0,5.0,0.0
,379,461,16.135,ship,MY_SHIP1,49.6673611111108,117.42611111111111,0.0,0.0,5.0,0.0,
,380,461,16.135,depth-charge,MY_SHIP1.CHARGE1.1,49.6673611111108,117.42611111111111,0.0,0.0,5.0,0.0,false
,381,461,16.135,depth,MY_SHIP1.CHARGE1.1.DEPTH1.1,49.6673611111108,117.42611111111111,0.0,0.0,5.0,0.0
,382,462,16.17,ship,MY_SHIP1,49.66743055555524,117.42611111111111,0.0,0.0,5.0,0.0,
,383,462,16.17,depth-charge,MY_SHIP1.CHARGE1.1,49.66743055555524,117.42611111111111,0.0,0.0,5.0,0.0,false
,384,462,16.17,depth,MY_SHIP1.CHARGE1.1.DEPTH1.1,49.66743055555524,117.42611111111111,0.0,0.0,5.0,0.0
,385,463,16.205,ship,MY_SHIP1,49.667499999999684,117.42611111111111,0.0,0.0,5.0,0.0,
,386,463,16.205,depth-charge,MY_SHIP1.CHARGE1.1,49.667499999999684,117.42611111111111,0.0,0.0,5.0,0.0,false
,387,463,16.205,depth,MY_SHIP1.CHARGE1.1.DEPTH1.1,49.667499999999684,117.42611111111111,0.0,0.0,5.0,0.0
,388,464,16.24,ship,MY_SHIP1,49.667569444444126,117.42611111111111,0.0,0.0,5.0,0.0,
,389,464,16.24,depth-charge,MY_SHIP1.CHARGE1.1,49.667569444444126,117.42611111111111,0.0,0.0,5.0,0.0,false
,390,464,16.24,depth,MY_SHIP1.CHARGE1.1.DEPTH1.1,49.667569444444126,117.42611111111111,0.0,0.0,5.0,0.0
,391,465,16.275,ship,MY_SHIP1,49.66763888888857,117.42611111111111,0.0,0.0,5.0,0.0,
,392,465,16.275,depth-charge,MY_SHIP1.CHARGE1.1,49.66763888888857,117.42611111111111,0.0,0.0,5.0,0.0,false
,393,465,16.275,depth,MY_SHIP1.CHARGE1.1.DEPTH1.1,49.66763888888857,117.42611111111111,0.0,0.0,5.0,0.0
,394,466,16.31,ship,MY_SHIP1,49.66770833333301,117.42611111111111,0.0,0.0,5.0,0.0,
,395,466,16.31,depth-charge,MY_SHIP1.CHARGE1.1,49.66770833333301,117.42611111111111,0.0,0.0,5.0,0.0,false
,396,466,16.31,depth,MY_SHIP1.CHARGE1.1.DEPTH1.1,49.66770833333301,117.42611111111111,0.0,0.0,5.0,0.0
,397,467,16.345,ship,MY_SHIP1,49.66777777777745,117.42611111111111,0.0,0.0,5.0,0.0,
,398,467,16.345,depth-charge,MY_SHIP1.CHARGE1.1,49.66777777777745,117.42611111111111,0.0,0.0,5.0,0.0,false
,399,467,16.345,depth,MY_SHIP1.CHARGE1.1.DEPTH1.1,49.66777777777745,117.42611111111111,0.0,0.0,5.0,0.0
,400,468,16.38,ship,MY_SHIP1,49.667847222221894,117.42611111111111,0.0,0.0,5.0,0.0,
,401,468,16.38,depth-charge,MY_SHIP1.CHARGE1.1,49.667847222221894,117.42611111111111,0.0,0.0,5.0,0.0,false
,402,468,16.38,depth,MY_SHIP1.CHARGE1.1.DEPTH1.1,49.667847222221894,117.42611111111111,0.0,0.0,5.0,0.0
,403,469,16.415,ship,MY_SHIP1,49.667916666666336,117.42611111111111,0.0,0.0,5.0,0.0,
,404,469,16.415,depth-charge,MY_SHIP1.CHARGE1.1,49.667916666666336,117.42611111111111,0.0,0.0,5.0,0.0,false
,405,469,16.415,depth,MY_SHIP1.CHARGE1.1.DEPTH1.1,49.667916666666336,117.42611111111111,0.0,0.0,5.0,0.0
,406,470,16.45,ship,MY_SHIP1,49.66798611111078,117.42611111111111,0.0,0.0,5.0,0.0,
,407,470,16.45,depth-charge,MY_SHIP1.CHARGE1.1,49.66798611111078,117.42611111111111,0.0,0.0,5.0,0.0,false
,408,470,16.45,depth,MY_SHIP1.CHARGE1.1.DEPTH1.1,49.66798611111078,117.42611111111111,0.0,0.0,5.0,0.0
,409,471,16.485,ship,MY_SHIP1,49.66805555555522,117.42611111111111,0.0,0.0,5.0,0.0,
,410,471,16.485,depth-charge,MY_SHIP1.CHARGE1.1,49.66805555555522,117.42611111111111,0.0,0.0,5.0,0.0,false
,411,471,16.485,depth,MY_SHIP1.CHARGE1.1.DEPTH1.1,49.66805555555522,117.42611111111111,0.0,0.0,5.0,0.0
,412,472,16.52,ship,MY_SHIP1,49.66812499999966,117.42611111111111,0.0,0.0,5.0,0.0,
,413,472,16.52,depth-charge,MY_SHIP1.CHARGE1.1,49.66812499999966,117.42611111111111,0.0,0.0,5.0,0.0,false
,414,472,16.52,depth,MY_SHIP1.CHARGE1.1.DEPTH1.1,49.66812499999966,117.42611111111111,0.0,0.0,5.0,0.0
,415,473,16.555,ship,MY_SHIP1,49.668194444444104,117.42611111111111,0.0,0.0,5.0,0.0,
,416,473,16.555,depth-charge,MY_SHIP1.CHARGE1.1,49.668194444444104,117.42611111111111,0.0,0.0,5.0,0.0,false
,417,473,16.555,depth,MY_SHIP1.CHARGE1.1.DEPTH1.1,49.668194444444104,117.42611111111111,0.0,0.0,5.0,0.0
,418,474,16.59,ship,MY_SHIP1,49.668263888888546,117.42611111111111,0.0,0.0,5.0,0.0,
,419,474,16.59,depth-charge,MY_SHIP1.CHARGE1.1,49.668263888888546,117.42611111111111,0.0,0.0,5.0,0.0,false
,420,474,16.59,depth,MY_SHIP1.CHARGE1.1.DEPTH1.1,49.668263888888546,117.42611111111111,0.0,0.0,5.0,0.0
,421,475,16.625,ship,MY_SHIP1,49.66833333333299,117.42611111111111,0.0,0.0,5.0,0.0,
,422,475,16.625,depth-charge,MY_SHIP1.CHARGE1.1,49.66833333333299,117.42611111111111,0.0,0.0,5.0,0.0,false
,423,475,16.625,depth,MY_SHIP1.CHARGE1.1.DEPTH1.1,49.66833333333299,117.42611111111111,0.0,0.0,5.0,0.0
,424,476,16.66,ship,MY_SHIP1,49.66840277777743,117.42611111111111,0.0,0.0,5.0,0.0,
,425,476,16.66,depth-charge,MY_SHIP1.CHARGE1.1,49.66840277777743,117.42611111111111,0.0,0.0,5.0,0.0,false
,426,476,16.66,depth,MY_SHIP1.CHARGE1.1.DEPTH1.1,49.66840277777743,117.42611111111111,0.0,0.0,5.0,0.0
,427,477,16.695,ship,MY_SHIP1,49.66847222222187,117.42611111111111,0.0,0.0,5.0,0.0,
,428,477,16.695,depth-charge,MY_SHIP1.CHARGE1.1,49.66847222222187,117.42611111111111,0.0,0.0,5.0,0.0,false
,429,477,16.695,depth,MY_SHIP1.CHARGE1.1.DEPTH1.1,49.66847222222187,117.42611111111111,0.0,0.0,5.0,0.0
deploy MY_SHIP1.CHARGE1.1
,430,478,16.73,ship,MY_SHIP1,49.668541666666314,117.42611111111111,0.0,0.0,5.0,0.0,
,431,478,16.73,depth-charge,MY_SHIP1.CHARGE1.1,49.668611111110756,117.42611111111111,0.0,0.0,0.0,0.0,true
,432,478,16.73,depth,MY_SHIP1.CHARGE1.1.DEPTH1.1,49.668611111110756,117.42611111111111,0.0,0.0,0.0,0.0
,433,479,16.765,ship,MY_SHIP1,49.668611111110756,117.42611111111111,0.0,0.0,5.0,0.0,
,434,479,16.765,depth-charge,MY_SHIP1.CHARGE1.1,49.668611111110756,117.42611111111111,-10.0,0.0,0.0,0.0,true
,435,479,16.765,depth,MY_SHIP1.CHARGE1.1.DEPTH1.1,49.668611111110756,117.42611111111111,-10.0,0.0,0.0,0.0
,436,480,16.8,ship,MY_SHIP1,49.6686805555552,117.42611111111111,0.0,0.0,5.0,0.0,
,437,480,16.8,depth-charge,MY_SHIP1.CHARGE1.1,49.668611111110756,117.42611111111111,-20.0,0.0,0.0,0.0,true
,438,480,16.8,depth,MY_SHIP1.CHARGE1.1.DEPTH1.1,49.668611111110756,117.42611111111111,-20.0,0.0,0.0,0.0
,439,481,16.835,ship,MY_SHIP1,49.66874999999964,117.42611111111111,0.0,0.0,5.0,0.0,
,440,481,16.835,depth-charge,MY_SHIP1.CHARGE1.1,49.668611111110756,117.42611111111111,-30.0,0.0,0.0,0.0,true
,441,481,16.835,depth,MY_SHIP1.CHARGE1.1.DEPTH1.1,49.668611111110756,117.42611111111111,-30.0,0.0,0.0,0.0
,442,482,16.87,ship,MY_SHIP1,49.66881944444408,117.42611111111111,0.0,0.0,5.0,0.0,
,443,482,16.87,depth-charge,MY_SHIP1.CHARGE1.1,49.668611111110756,117.42611111111111,-40.0,0.0,0.0,0.0,true
,444,482,16.87,depth,MY_SHIP1.CHARGE1.1.DEPTH1.1,49.668611111110756,117.42611111111111,-40.0,0.0,0.0,0.0
,445,483,16.905,ship,MY_SHIP1,49.668888888888524,117.42611111111111,0.0,0.0,5.0,0.0,
,446,483,16.905,depth-charge,MY_SHIP1.CHARGE1.1,49.668611111110756,117.42611111111111,-50.0,0.0,0.0,0.0,true
,447,483,16.905,depth,MY_SHIP1.CHARGE1.1.DEPTH1.1,49.668611111110756,117.42611111111111,-50.0,0.0,0.0,0.0
,448,484,16.94,ship,MY_SHIP1,49.66895833333297,117.42611111111111,0.0,0.0,5.0,0.0,
,449,484,16.94,depth-charge,MY_SHIP1.CHARGE1.1,49.668611111110756,117.42611111111111,-60.0,0.0,0.0,0.0,true
,450,484,16.94,depth,MY_SHIP1.CHARGE1.1.DEPTH1.1,49.668611111110756,117.42611111111111,-60.0,0.0,0.0,0.0
,451,485,16.975,ship,MY_SHIP1,49.66902777777741,117.42611111111111,0.0,0.0,5.0,0.0,
,452,485,16.975,depth-charge,MY_SHIP1.CHARGE1.1,49.668611111110756,117.42611111111111,-70.0,0.0,0.0,0.0,true
,453,485,16.975,depth,MY_SHIP1.CHARGE1.1.DEPTH1.1,49.668611111110756,117.42611111111111,-70.0,0.0,0.0,0.0
,454,486,17.01,ship,MY_SHIP1,49.66909722222185,117.42611111111111,0.0,0.0,5.0,0.0,
,455,486,17.01,depth-charge,MY_SHIP1.CHARGE1.1,49.668611111110756,117.42611111111111,-80.0,0.0,0.0,0.0,true
,456,486,17.01,depth,MY_SHIP1.CHARGE1.1.DEPTH1.1,49.668611111110756,117.42611111111111,-80.0,0.0,0.0,0.0
,457,487,17.045,ship,MY_SHIP1,49.66916666666629,117.42611111111111,0.0,0.0,5.0,0.0,
,458,487,17.045,depth-charge,MY_SHIP1.CHARGE1.1,49.668611111110756,117.42611111111111,-90.0,0.0,0.0,0.0,true
,459,487,17.045,depth,MY_SHIP1.CHARGE1.1.DEPTH1.1,49.668611111110756,117.42611111111111,-90.0,0.0,0.0,0.0
,460,488,17.08,ship,MY_SHIP1,49.669236111110735,117.42611111111111,0.0,0.0,5.0,0.0,
,461,488,17.08,depth-charge,MY_SHIP1.CHARGE1.1,49.668611111110756,117.42611111111111,-100.0,0.0,0.0,0.0,true
,462,488,17.08,depth,MY_SHIP1.CHARGE1.1.DEPTH1.1,49.668611111110756,117.42611111111111,-100.0,0.0,0.0,0.0
,463,489,17.115,ship,MY_SHIP1,49.66930555555518,117.42611111111111,0.0,0.0,5.0,0.0,
,464,489,17.115,depth-charge,MY_SHIP1.CHARGE1.1,49.668611111110756,117.42611111111111,-110.0,0.0,0.0,0.0,true
,465,489,17.115,depth,MY_SHIP1.CHARGE1.1.DEPTH1.1,49.668611111110756,117.42611111111111,-110.0,0.0,0.0,0.0
,466,490,17.15,ship,MY_SHIP1,49.66937499999962,117.42611111111111,0.0,0.0,5.0,0.0,
,467,490,17.15,depth-charge,MY_SHIP1.CHARGE1.1,49.668611111110756,117.42611111111111,-120.0,0.0,0.0,0.0,true
,468,490,17.15,depth,MY_SHIP1.CHARGE1.1.DEPTH1.1,49.668611111110756,117.42611111111111,-120.0,0.0,0.0,0.0
,469,491,17.185,ship,MY_SHIP1,49.66944444444406,117.42611111111111,0.0,0.0,5.0,0.0,
,470,491,17.185,depth-charge,MY_SHIP1.CHARGE1.1,49.668611111110756,117.42611111111111,-130.0,0.0,0.0,0.0,true
,471,491,17.185,depth,MY_SHIP1.CHARGE1.1.DEPTH1.1,49.668611111110756,117.42611111111111,-130.0,0.0,0.0,0.0
,472,492,17.22,ship,MY_SHIP1,49.6695138888885,117.42611111111111,0.0,0.0,5.0,0.0,
,473,492,17.22,depth-charge,MY_SHIP1.CHARGE1.1,49.668611111110756,117.42611111111111,-140.0,0.0,0.0,0.0,true
,474,492,17.22,depth,MY_SHIP1.CHARGE1.1.DEPTH1.1,49.668611111110756,117.42611111111111,-140.0,0.0,0.0,0.0
,475,493,17.255,ship,MY_SHIP1,49.669583333332945,117.42611111111111,0.0,0.0,5.0,0.0,
,476,493,17.255,depth-charge,MY_SHIP1.CHARGE1.1,49.668611111110756,117.42611111111111,-150.0,0.0,0.0,0.0,true
,477,493,17.255,depth,MY_SHIP1.CHARGE1.1.DEPTH1.1,49.668611111110756,117.42611111111111,-150.0,0.0,0.0,0.0
,478,494,17.29,ship,MY_SHIP1,49.66965277777739,117.42611111111111,0.0,0.0,5.0,0.0,
,479,494,17.29,depth-charge,MY_SHIP1.CHARGE1.1,49.668611111110756,117.42611111111111,-160.0,0.0,0.0,0.0,true
,480,494,17.29,depth,MY_SHIP1.CHARGE1.1.DEPTH1.1,49.668611111110756,117.42611111111111,-160.0,0.0,0.0,0.0
,481,495,17.325,ship,MY_SHIP1,49.66972222222183,117.42611111111111,0.0,0.0,5.0,0.0,
,482,495,17.325,depth-charge,MY_SHIP1.CHARGE1.1,49.668611111110756,117.42611111111111,-170.0,0.0,0.0,0.0,true
,483,495,17.325,depth,MY_SHIP1.CHARGE1.1.DEPTH1.1,49.668611111110756,117.42611111111111,-170.0,0.0,0.0,0.0
,484,496,17.36,ship,MY_SHIP1,49.66979166666627,117.42611111111111,0.0,0.0,5.0,0.0,
,485,496,17.36,depth-charge,MY_SHIP1.CHARGE1.1,49.668611111110756,117.42611111111111,-180.0,0.0,0.0,0.0,true
,486,496,17.36,depth,MY_SHIP1.CHARGE1.1.DEPTH1.1,49.668611111110756,117.42611111111111,-180.0,0.0,0.0,0.0
,487,497,17.395,ship,MY_SHIP1,49.66986111111071,117.42611111111111,0.0,0.0,5.0,0.0,
,488,497,17.395,depth-charge,MY_SHIP1.CHARGE1.1,49.668611111110756,117.42611111111111,-190.0,0.0,0.0,0.0,true
,489,497,17.395,depth,MY_SHIP1.CHARGE1.1.DEPTH1.1,49.668611111110756,117.42611111111111,-190.0,0.0,0.0,0.0
,490,498,17.43,ship,MY_SHIP1,49.669930555555155,117.42611111111111,0.0,0.0,5.0,0.0,
,491,498,17.43,depth-charge,MY_SHIP1.CHARGE1.1,49.668611111110756,117.42611111111111,-200.0,0.0,0.0,0.0,true
,492,498,17.43,depth,MY_SHIP1.CHARGE1.1.DEPTH1.1,49.668611111110756,117.42611111111111,-200.0,0.0,0.0,0.0
,493,499,17.465,ship,MY_SHIP1,49.6699999999996,117.42611111111111,0.0,0.0,5.0,0.0,
,494,499,17.465,depth-charge,MY_SHIP1.CHARGE1.1,49.668611111110756,117.42611111111111,-210.0,0.0,0.0,0.0,true
,495,499,17.465,depth,MY_SHIP1.CHARGE1.1.DEPTH1.1,49.668611111110756,117.42611111111111,-210.0,0.0,0.0,0.0
,496,500,17.5,ship,MY_SHIP1,49.67006944444404,117.42611111111111,0.0,0.0,5.0,0.0,
,497,500,17.5,depth-charge,MY_SHIP1.CHARGE1.1,49.668611111110756,117.42611111111111,-220.0,0.0,0.0,0.0,true
,498,500,17.5,depth,MY_SHIP1.CHARGE1.1.DEPTH1.1,49.668611111110756,117.42611111111111,-220.0,0.0,0.0,0.0
,499,501,17.535,ship,MY_SHIP1,49.67013888888848,117.42611111111111,0.0,0.0,5.0,0.0,
,500,501,17.535,depth-charge,MY_SHIP1.CHARGE1.1,49.668611111110756,117.42611111111111,-230.0,0.0,0.0,0.0,true
,501,501,17.535,depth,MY_SHIP1.CHARGE1.1.DEPTH1.1,49.668611111110756,117.42611111111111,-230.0,0.0,0.0,0.0
,502,502,17.57,ship,MY_SHIP1,49.67020833333292,117.42611111111111,0.0,0.0,5.0,0.0,
,503,502,17.57,depth-charge,MY_SHIP1.CHARGE1.1,49.668611111110756,117.42611111111111,-240.0,0.0,0.0,0.0,true
,504,502,17.57,depth,MY_SHIP1.CHARGE1.1.DEPTH1.1,49.668611111110756,117.42611111111111,-240.0,0.0,0.0,0.0
,505,503,17.605,ship,MY_SHIP1,49.670277777777365,117.42611111111111,0.0,0.0,5.0,0.0,
,506,503,17.605,depth-charge,MY_SHIP1.CHARGE1.1,49.668611111110756,117.42611111111111,-250.0,0.0,0.0,0.0,true
,507,503,17.605,depth,MY_SHIP1.CHARGE1.1.DEPTH1.1,49.668611111110756,117.42611111111111,-250.0,0.0,0.0,0.0
,508,504,17.64,ship,MY_SHIP1,49.67034722222181,117.42611111111111,0.0,0.0,5.0,0.0,
,509,504,17.64,depth-charge,MY_SHIP1.CHARGE1.1,49.668611111110756,117.42611111111111,-260.0,0.0,0.0,0.0,true
,510,504,17.64,depth,MY_SHIP1.CHARGE1.1.DEPTH1.1,49.668611111110756,117.42611111111111,-260.0,0.0,0.0,0.0
,511,505,17.675,ship,MY_SHIP1,49.67041666666625,117.42611111111111,0.0,0.0,5.0,0.0,
,512,505,17.675,depth-charge,MY_SHIP1.CHARGE1.1,49.668611111110756,117.42611111111111,-270.0,0.0,0.0,0.0,true
,513,505,17.675,depth,MY_SHIP1.CHARGE1.1.DEPTH1.1,49.668611111110756,117.42611111111111,-270.0,0.0,0.0,0.0
,514,506,17.71,ship,MY_SHIP1,49.67048611111069,117.42611111111111,0.0,0.0,5.0,0.0,
,515,506,17.71,depth-charge,MY_SHIP1.CHARGE1.1,49.668611111110756,117.42611111111111,-280.0,0.0,0.0,0.0,true
,516,506,17.71,depth,MY_SHIP1.CHARGE1.1.DEPTH1.1,49.668611111110756,117.42611111111111,-280.0,0.0,0.0,0.0
,517,507,17.745,ship,MY_SHIP1,49.67055555555513,117.42611111111111,0.0,0.0,5.0,0.0,
,518,507,17.745,depth-charge,MY_SHIP1.CHARGE1.1,49.668611111110756,117.42611111111111,-290.0,0.0,0.0,0.0,true
,519,507,17.745,depth,MY_SHIP1.CHARGE1.1.DEPTH1.1,49.668611111110756,117.42611111111111,-290.0,0.0,0.0,0.0
,520,508,17.78,ship,MY_SHIP1,49.670624999999575,117.42611111111111,0.0,0.0,5.0,0.0,
,521,508,17.78,depth-charge,MY_SHIP1.CHARGE1.1,49.668611111110756,117.42611111111111,-300.0,0.0,0.0,0.0,true
,522,509,17.815,ship,MY_SHIP1,49.67069444444402,117.42611111111111,0.0,0.0,5.0,0.0,
,523,510,17.85,ship,MY_SHIP1,49.67076388888846,117.42611111111111,0.0,0.0,5.0,0.0,
,524,511,17.885,ship,MY_SHIP1,49.6708333333329,117.42611111111111,0.0,0.0,5.0,0.0,
,525,512,17.92,ship,MY_SHIP1,49.67090277777734,117.42611111111111,0.0,0.0,5.0,0.0,
,526,513,17.955,ship,MY_SHIP1,49.670972222221785,117.42611111111111,0.0,0.0,5.0,0.0,
,527,514,17.99,ship,MY_SHIP1,49.67104166666623,117.42611111111111,0.0,0.0,5.0,0.0,
,528,515,18.025,ship,MY_SHIP1,49.67111111111067,117.42611111111111,0.0,0.0,5.0,0.0,
,529,516,18.06,ship,MY_SHIP1,49.67118055555511,117.42611111111111,0.0,0.0,5.0,0.0,
,530,517,18.095,ship,MY_SHIP1,49.67124999999955,117.42611111111111,0.0,0.0,5.0,0.0,
,531,518,18.13,ship,MY_SHIP1,49.671319444443995,117.42611111111111,0.0,0.0,5.0,0.0,
,532,519,18.165,ship,MY_SHIP1,49.67138888888844,117.42611111111111,0.0,0.0,5.0,0.0,
,533,520,18.2,ship,MY_SHIP1,49.67145833333288,117.42611111111111,0.0,0.0,5.0,0.0,
,534,521,18.235,ship,MY_SHIP1,49.67152777777732,117.42611111111111,0.0,0.0,5.0,0.0,
,535,522,18.27,ship,MY_SHIP1,49.67159722222176,117.42611111111111,0.0,0.0,5.0,0.0,
,536,523,18.305,ship,MY_SHIP1,49.671666666666205,117.42611111111111,0.0,0.0,5.0,0.0,
,537,524,18.34,ship,MY_SHIP1,49.67173611111065,117.42611111111111,0.0,0.0,5.0,0.0,
,538,525,18.375,ship,MY_SHIP1,49.67180555555509,117.42611111111111,0.0,0.0,5.0,0.0,
,539,526,18.41,ship,MY_SHIP1,49.67187499999953,117.42611111111111,0.0,0.0,5.0,0.0,
,540,527,18.445,ship,MY_SHIP1,49.67194444444397,117.42611111111111,0.0,0.0,5.0,0.0,
,541,528,18.48,ship,MY_SHIP1,49.672013888888415,117.42611111111111,0.0,0.0,5.0,0.0,
,542,529,18.515,ship,MY_SHIP1,49.67208333333286,117.42611111111111,0.0,0.0,5.0,0.0,
,543,530,18.55,ship,MY_SHIP1,49.6721527777773,117.42611111111111,0.0,0.0,5.0,0.0,
,544,531,18.585,ship,MY_SHIP1,49.67222222222174,117.42611111111111,0.0,0.0,5.0,0.0,
,545,532,18.62,ship,MY_SHIP1,49.67229166666618,117.42611111111111,0.0,0.0,5.0,0.0,
,546,533,18.655,ship,MY_SHIP1,49.672361111110625,117.42611111111111,0.0,0.0,5.0,0.0,
,547,534,18.69,ship,MY_SHIP1,49.67243055555507,117.42611111111111,0.0,0.0,5.0,0.0,
,548,535,18.725,ship,MY_SHIP1,49.67249999999951,117.42611111111111,0.0,0.0,5.0,0.0,
,549,536,18.76,ship,MY_SHIP1,49.67256944444395,117.42611111111111,0.0,0.0,5.0,0.0,
,550,537,18.795,ship,MY_SHIP1,49.67263888888839,117.42611111111111,0.0,0.0,5.0,0.0,
,551,538,18.83,ship,MY_SHIP1,49.672708333332835,117.42611111111111,0.0,0.0,5.0,0.0,
,552,539,18.865,ship,MY_SHIP1,49.67277777777728,117.42611111111111,0.0,0.0,5.0,0.0,
,553,540,18.9,ship,MY_SHIP1,49.67284722222172,117.42611111111111,0.0,0.0,5.0,0.0,
,554,541,18.935,ship,MY_SHIP1,49.67291666666616,117.42611111111111,0.0,0.0,5.0,0.0,
,555,542,18.97,ship,MY_SHIP1,49.6729861111106,117.42611111111111,0.0,0.0,5.0,0.0,
,556,543,19.005,ship,MY_SHIP1,49.673055555555045,117.42611111111111,0.0,0.0,5.0,0.0,
,557,544,19.04,ship,MY_SHIP1,49.67312499999949,117.42611111111111,0.0,0.0,5.0,0.0,
,558,545,19.075,ship,MY_SHIP1,49.67319444444393,117.42611111111111,0.0,0.0,5.0,0.0,
,559,546,19.11,ship,MY_SHIP1,49.67326388888837,117.42611111111111,0.0,0.0,5.0,0.0,
,560,547,19.145,ship,MY_SHIP1,49.67333333333281,117.42611111111111,0.0,0.0,5.0,0.0,
,561,548,19.18,ship,MY_SHIP1,49.673402777777255,117.42611111111111,0.0,0.0,5.0,0.0,
,562,549,19.215,ship,MY_SHIP1,49.6734722222217,117.42611111111111,0.0,0.0,5.0,0.0,
,563,550,19.25,ship,MY_SHIP1,49.67354166666614,117.42611111111111,0.0,0.0,5.0,0.0,
,564,551,19.285,ship,MY_SHIP1,49.67361111111058,117.42611111111111,0.0,0.0,5.0,0.0,
,565,552,19.32,ship,MY_SHIP1,49.67368055555502,117.42611111111111,0.0,0.0,5.0,0.0,
,566,553,19.355,ship,MY_SHIP1,49.673749999999465,117.42611111111111,0.0,0.0,5.0,0.0,
,567,554,19.39,ship,MY_SHIP1,49.67381944444391,117.42611111111111,0.0,0.0,5.0,0.0,
,568,555,19.425,ship,MY_SHIP1,49.67388888888835,117.42611111111111,0.0,0.0,5.0,0.0,
,569,556,19.46,ship,MY_SHIP1,49.67395833333279,117.42611111111111,0.0,0.0,5.0,0.0,
,570,557,19.495,ship,MY_SHIP1,49.67402777777723,117.42611111111111,0.0,0.0,5.0,0.0,
,571,558,19.53,ship,MY_SHIP1,49.674097222221675,117.42611111111111,0.0,0.0,5.0,0.0,
,572,559,19.565,ship,MY_SHIP1,49.67416666666612,117.42611111111111,0.0,0.0,5.0,0.0,
,573,560,19.6,ship,MY_SHIP1,49.67423611111056,117.42611111111111,0.0,0.0,5.0,0.0,
,574,561,19.635,ship,MY_SHIP1,49.674305555555,117.42611111111111,0.0,0.0,5.0,0.0,
,575,562,19.67,ship,MY_SHIP1,49.67437499999944,117.42611111111111,0.0,0.0,5.0,0.0,
,576,563,19.705,ship,MY_SHIP1,49.674444444443886,117.42611111111111,0.0,0.0,5.0,0.0,
,577,564,19.74,ship,MY_SHIP1,49.67451388888833,117.42611111111111,0.0,0.0,5.0,0.0,
,578,565,19.775,ship,MY_SHIP1,49.67458333333277,117.42611111111111,0.0,0.0,5.0,0.0,
,579,566,19.81,ship,MY_SHIP1,49.67465277777721,117.42611111111111,0.0,0.0,5.0,0.0,
,580,567,19.845,ship,MY_SHIP1,49.674722222221654,117.42611111111111,0.0,0.0,5.0,0.0,
,581,568,19.88,ship,MY_SHIP1,49.674791666666096,117.42611111111111,0.0,0.0,5.0,0.0,
,582,569,19.915,ship,MY_SHIP1,49.67486111111054,117.42611111111111,0.0,0.0,5.0,0.0,
,583,570,19.95,ship,MY_SHIP1,49.67493055555498,117.42611111111111,0.0,0.0,5.0,0.0,
,584,571,19.985,ship,MY_SHIP1,49.67499999999942,117.42611111111111,0.0,0.0,5.0,0.0,
,585,572,20.02,ship,MY_SHIP1,49.675069444443864,117.42611111111111,0.0,0.0,5.0,0.0,
,586,573,20.055,ship,MY_SHIP1,49.675138888888306,117.42611111111111,0.0,0.0,5.0,0.0,
,587,574,20.09,ship,MY_SHIP1,49.67520833333275,117.42611111111111,0.0,0.0,5.0,0.0,
,588,575,20.125,ship,MY_SHIP1,49.67527777777719,117.42611111111111,0.0,0.0,5.0,0.0,
,589,576,20.16,ship,MY_SHIP1,49.67534722222163,117.42611111111111,0.0,0.0,5.0,0.0,
,590,577,20.195,ship,MY_SHIP1,49.675416666666074,117.42611111111111,0.0,0.0,5.0,0.0,
,591,578,20.23,ship,MY_SHIP1,49.675486111110516,117.42611111111111,0.0,0.0,5.0,0.0,
,592,579,20.265,ship,MY_SHIP1,49.67555555555496,117.42611111111111,0.0,0.0,5.0,0.0,
,593,580,20.3,ship,MY_SHIP1,49.6756249999994,117.42611111111111,0.0,0.0,5.0,0.0,
,594,581,20.335,ship,MY_SHIP1,49.67569444444384,117.42611111111111,0.0,0.0,5.0,0.0,
,595,582,20.37,ship,MY_SHIP1,49.675763888888284,117.42611111111111,0.0,0.0,5.0,0.0,
,596,583,20.405,ship,MY_SHIP1,49.675833333332726,117.42611111111111,0.0,0.0,5.0,0.0,
,597,584,20.44,ship,MY_SHIP1,49.67590277777717,117.42611111111111,0.0,0.0,5.0,0.0,
,598,585,20.475,ship,MY_SHIP1,49.67597222222161,117.42611111111111,0.0,0.0,5.0,0.0,
,599,586,20.51,ship,MY_SHIP1,49.67604166666605,117.42611111111111,0.0,0.0,5.0,0.0,
,600,587,20.545,ship,MY_SHIP1,49.676111111110494,117.42611111111111,0.0,0.0,5.0,0.0,
,601,588,20.58,ship,MY_SHIP1,49.676180555554936,117.42611111111111,0.0,0.0,5.0,0.0,
,602,589,20.615,ship,MY_SHIP1,49.67624999999938,117.42611111111111,0.0,0.0,5.0,0.0,
,603,590,20.65,ship,MY_SHIP1,49.67631944444382,117.42611111111111,0.0,0.0,5.0,0.0,
,604,591,20.685,ship,MY_SHIP1,49.67638888888826,117.42611111111111,0.0,0.0,5.0,0.0,
,605,592,20.72,ship,MY_SHIP1,49.676458333332704,117.42611111111111,0.0,0.0,5.0,0.0,
,606,593,20.755,ship,MY_SHIP1,49.676527777777146,117.42611111111111,0.0,0.0,5.0,0.0,
,607,594,20.79,ship,MY_SHIP1,49.67659722222159,117.42611111111111,0.0,0.0,5.0,0.0,
,608,595,20.825,ship,MY_SHIP1,49.67666666666603,117.42611111111111,0.0,0.0,5.0,0.0,
,609,596,20.86,ship,MY_SHIP1,49.67673611111047,117.42611111111111,0.0,0.0,5.0,0.0,
,610,597,20.895,ship,MY_SHIP1,49.676805555554914,117.42611111111111,0.0,0.0,5.0,0.0,
,611,598,20.93,ship,MY_SHIP1,49.676874999999356,117.42611111111111,0.0,0.0,5.0,0.0,
,612,599,20.965,ship,MY_SHIP1,49.6769444444438,117.42611111111111,0.0,0.0,5.0,0.0,
,613,600,21.0,ship,MY_SHIP1,49.67701388888824,117.42611111111111,0.0,0.0,5.0,0.0,
,614,601,21.035,ship,MY_SHIP1,49.67708333333268,117.42611111111111,0.0,0.0,5.0,0.0,
,615,602,21.07,ship,MY_SHIP1,49.677152777777124,117.42611111111111,0.0,0.0,5.0,0.0,
,616,603,21.105,ship,MY_SHIP1,49.677222222221566,117.42611111111111,0.0,0.0,5.0,0.0,
,617,604,21.14,ship,MY_SHIP1,49.67729166666601,117.42611111111111,0.0,0.0,5.0,0.0,
,618,605,21.175,ship,MY_SHIP1,49.67736111111045,117.42611111111111,0.0,0.0,5.0,0.0,
,619,606,21.21,ship,MY_SHIP1,49.67743055555489,117.42611111111111,0.0,0.0,5.0,0.0,
,620,607,21.245,ship,MY_SHIP1,49.677499999999334,117.42611111111111,0.0,0.0,5.0,0.0,
,621,608,21.28,ship,MY_SHIP1,49.677569444443776,117.42611111111111,0.0,0.0,5.0,0.0,
,622,609,21.315,ship,MY_SHIP1,49.67763888888822,117.42611111111111,0.0,0.0,5.0,0.0,
,623,610,21.35,ship,MY_SHIP1,49.67770833333266,117.42611111111111,0.0,0.0,5.0,0.0,
,624,611,21.385,ship,MY_SHIP1,49.6777777777771,117.42611111111111,0.0,0.0,5.0,0.0,
,625,612,21.42,ship,MY_SHIP1,49.677847222221544,117.42611111111111,0.0,0.0,5.0,0.0,
,626,613,21.455,ship,MY_SHIP1,49.677916666665986,117.42611111111111,0.0,0.0,5.0,0.0,
,627,614,21.49,ship,MY_SHIP1,49.67798611111043,117.42611111111111,0.0,0.0,5.0,0.0,
,628,615,21.525,ship,MY_SHIP1,49.67805555555487,117.42611111111111,0.0,0.0,5.0,0.0,
,629,616,21.56,ship,MY_SHIP1,49.67812499999931,117.42611111111111,0.0,0.0,5.0,0.0,
,630,617,21.595,ship,MY_SHIP1,49.678194444443754,117.42611111111111,0.0,0.0,5.0,0.0,
,631,618,21.63,ship,MY_SHIP1,49.678263888888196,117.42611111111111,0.0,0.0,5.0,0.0,
,632,619,21.665,ship,MY_SHIP1,49.67833333333264,117.42611111111111,0.0,0.0,5.0,0.0,
,633,620,21.7,ship,MY_SHIP1,49.67840277777708,117.42611111111111,0.0,0.0,5.0,0.0,
,634,621,21.735,ship,MY_SHIP1,49.67847222222152,117.42611111111111,0.0,0.0,5.0,0.0,
,635,622,21.77,ship,MY_SHIP1,49.678541666665964,117.42611111111111,0.0,0.0,5.0,0.0,
,636,623,21.805,ship,MY_SHIP1,49.678611111110406,117.42611111111111,0.0,0.0,5.0,0.0,
,637,624,21.84,ship,MY_SHIP1,49.67868055555485,117.42611111111111,0.0,0.0,5.0,0.0,
,638,625,21.875,ship,MY_SHIP1,49.67874999999929,117.42611111111111,0.0,0.0,5.0,0.0,
,639,626,21.91,ship,MY_SHIP1,49.67881944444373,117.42611111111111,0.0,0.0,5.0,0.0,
,640,627,21.945,ship,MY_SHIP1,49.678888888888174,117.42611111111111,0.0,0.0,5.0,0.0,
,641,628,21.98,ship,MY_SHIP1,49.678958333332616,117.42611111111111,0.0,0.0,5.0,0.0,
,642,629,22.015,ship,MY_SHIP1,49.67902777777706,117.42611111111111,0.0,0.0,5.0,0.0,
,643,630,22.05,ship,MY_SHIP1,49.6790972222215,117.42611111111111,0.0,0.0,5.0,0.0,
,644,631,22.085,ship,MY_SHIP1,49.67916666666594,117.42611111111111,0.0,0.0,5.0,0.0,
,645,632,22.12,ship,MY_SHIP1,49.679236111110384,117.42611111111111,0.0,0.0,5.0,0.0,
,646,633,22.155,ship,MY_SHIP1,49.679305555554826,117.42611111111111,0.0,0.0,5.0,0.0,
,647,634,22.19,ship,MY_SHIP1,49.67937499999927,117.42611111111111,0.0,0.0,5.0,0.0,
,648,635,22.225,ship,MY_SHIP1,49.67944444444371,117.42611111111111,0.0,0.0,5.0,0.0,
,649,636,22.26,ship,MY_SHIP1,49.67951388888815,117.42611111111111,0.0,0.0,5.0,0.0,
,650,637,22.295,ship,MY_SHIP1,49.679583333332594,117.42611111111111,0.0,0.0,5.0,0.0,
,651,638,22.33,ship,MY_SHIP1,49.67965277777704,117.42611111111111,0.0,0.0,5.0,0.0,
,652,639,22.365,ship,MY_SHIP1,49.67972222222148,117.42611111111111,0.0,0.0,5.0,0.0,
,653,640,22.4,ship,MY_SHIP1,49.67979166666592,117.42611111111111,0.0,0.0,5.0,0.0,
,654,641,22.435,ship,MY_SHIP1,49.67986111111036,117.42611111111111,0.0,0.0,5.0,0.0,
,655,642,22.47,ship,MY_SHIP1,49.679930555554805,117.42611111111111,0.0,0.0,5.0,0.0,
,656,643,22.505,ship,MY_SHIP1,49.67999999999925,117.42611111111111,0.0,0.0,5.0,0.0,
,657,644,22.54,ship,MY_SHIP1,49.68006944444369,117.42611111111111,0.0,0.0,5.0,0.0,
,658,645,22.575,ship,MY_SHIP1,49.68013888888813,117.42611111111111,0.0,0.0,5.0,0.0,
,659,646,22.61,ship,MY_SHIP1,49.68020833333257,117.42611111111111,0.0,0.0,5.0,0.0,
,660,647,22.645,ship,MY_SHIP1,49.680277777777015,117.42611111111111,0.0,0.0,5.0,0.0,
,661,648,22.68,ship,MY_SHIP1,49.68034722222146,117.42611111111111,0.0,0.0,5.0,0.0,
,662,649,22.715,ship,MY_SHIP1,49.6804166666659,117.42611111111111,0.0,0.0,5.0,0.0,
,663,650,22.75,ship,MY_SHIP1,49.68048611111034,117.42611111111111,0.0,0.0,5.0,0.0,
,664,651,22.785,ship,MY_SHIP1,49.68055555555478,117.42611111111111,0.0,0.0,5.0,0.0,
,665,652,22.82,ship,MY_SHIP1,49.680624999999225,117.42611111111111,0.0,0.0,5.0,0.0,
,666,653,22.855,ship,MY_SHIP1,49.68069444444367,117.42611111111111,0.0,0.0,5.0,0.0,
,667,654,22.89,ship,MY_SHIP1,49.68076388888811,117.42611111111111,0.0,0.0,5.0,0.0,
,668,655,22.925,ship,MY_SHIP1,49.68083333333255,117.42611111111111,0.0,0.0,5.0,0.0,
,669,656,22.96,ship,MY_SHIP1,49.68090277777699,117.42611111111111,0.0,0.0,5.0,0.0,
,670,657,22.995,ship,MY_SHIP1,49.680972222221435,117.42611111111111,0.0,0.0,5.0,0.0,
,671,658,23.03,ship,MY_SHIP1,49.68104166666588,117.42611111111111,0.0,0.0,5.0,0.0,
,672,659,23.065,ship,MY_SHIP1,49.68111111111032,117.42611111111111,0.0,0.0,5.0,0.0,
,673,660,23.1,ship,MY_SHIP1,49.68118055555476,117.42611111111111,0.0,0.0,5.0,0.0,
,674,661,23.135,ship,MY_SHIP1,49.6812499999992,117.42611111111111,0.0,0.0,5.0,0.0,
,675,662,23.17,ship,MY_SHIP1,49.681319444443645,117.42611111111111,0.0,0.0,5.0,0.0,
,676,663,23.205,ship,MY_SHIP1,49.68138888888809,117.42611111111111,0.0,0.0,5.0,0.0,
,677,664,23.24,ship,MY_SHIP1,49.68145833333253,117.42611111111111,0.0,0.0,5.0,0.0,
,678,665,23.275,ship,MY_SHIP1,49.68152777777697,117.42611111111111,0.0,0.0,5.0,0.0,
,679,666,23.31,ship,MY_SHIP1,49.68159722222141,117.42611111111111,0.0,0.0,5.0,0.0,
,680,667,23.345,ship,MY_SHIP1,49.681666666665855,117.42611111111111,0.0,0.0,5.0,0.0,
,681,668,23.38,ship,MY_SHIP1,49.6817361111103,117.42611111111111,0.0,0.0,5.0,0.0,
,682,669,23.415,ship,MY_SHIP1,49.68180555555474,117.42611111111111,0.0,0.0,5.0,0.0,
,683,670,23.45,ship,MY_SHIP1,49.68187499999918,117.42611111111111,0.0,0.0,5.0,0.0,
,684,671,23.485,ship,MY_SHIP1,49.68194444444362,117.42611111111111,0.0,0.0,5.0,0.0,
,685,672,23.52,ship,MY_SHIP1,49.682013888888065,117.42611111111111,0.0,0.0,5.0,0.0,
,686,673,23.555,ship,MY_SHIP1,49.68208333333251,117.42611111111111,0.0,0.0,5.0,0.0,
,687,674,23.59,ship,MY_SHIP1,49.68215277777695,117.42611111111111,0.0,0.0,5.0,0.0,
,688,675,23.625,ship,MY_SHIP1,49.68222222222139,117.42611111111111,0.0,0.0,5.0,0.0,
,689,676,23.66,ship,MY_SHIP1,49.68229166666583,117.42611111111111,0.0,0.0,5.0,0.0,
,690,677,23.695,ship,MY_SHIP1,49.682361111110275,117.42611111111111,0.0,0.0,5.0,0.0,
,691,678,23.73,ship,MY_SHIP1,49.68243055555472,117.42611111111111,0.0,0.0,5.0,0.0,
,692,679,23.765,ship,MY_SHIP1,49.68249999999916,117.42611111111111,0.0,0.0,5.0,0.0,
,693,680,23.8,ship,MY_SHIP1,49.6825694444436,117.42611111111111,0.0,0.0,5.0,0.0,
,694,681,23.835,ship,MY_SHIP1,49.68263888888804,117.42611111111111,0.0,0.0,5.0,0.0,
,695,682,23.87,ship,MY_SHIP1,49.682708333332485,117.42611111111111,0.0,0.0,5.0,0.0,
,696,683,23.905,ship,MY_SHIP1,49.68277777777693,117.42611111111111,0.0,0.0,5.0,0.0,
,697,684,23.94,ship,MY_SHIP1,49.68284722222137,117.42611111111111,0.0,0.0,5.0,0.0,
,698,685,23.975,ship,MY_SHIP1,49.68291666666581,117.42611111111111,0.0,0.0,5.0,0.0,
,699,686,24.01,ship,MY_SHIP1,49.68298611111025,117.42611111111111,0.0,0.0,5.0,0.0,
,700,687,24.045,ship,MY_SHIP1,49.683055555554695,117.42611111111111,0.0,0.0,5.0,0.0,
,701,688,24.08,ship,MY_SHIP1,49.68312499999914,117.42611111111111,0.0,0.0,5.0,0.0,
,702,689,24.115,ship,MY_SHIP1,49.68319444444358,117.42611111111111,0.0,0.0,5.0,0.0,
,703,690,24.15,ship,MY_SHIP1,49.68326388888802,117.42611111111111,0.0,0.0,5.0,0.0,
,704,691,24.185,ship,MY_SHIP1,49.68333333333246,117.42611111111111,0.0,0.0,5.0,0.0,
,705,692,24.22,ship,MY_SHIP1,49.683402777776905,117.42611111111111,0.0,0.0,5.0,0.0,
,706,693,24.255,ship,MY_SHIP1,49.68347222222135,117.42611111111111,0.0,0.0,5.0,0.0,
,707,694,24.29,ship,MY_SHIP1,49.68354166666579,117.42611111111111,0.0,0.0,5.0,0.0,
,708,695,24.325,ship,MY_SHIP1,49.68361111111023,117.42611111111111,0.0,0.0,5.0,0.0,
,709,696,24.36,ship,MY_SHIP1,49.68368055555467,117.42611111111111,0.0,0.0,5.0,0.0,
,710,697,24.395,ship,MY_SHIP1,49.683749999999115,117.42611111111111,0.0,0.0,5.0,0.0,
,711,698,24.43,ship,MY_SHIP1,49.68381944444356,117.42611111111111,0.0,0.0,5.0,0.0,
,712,699,24.465,ship,MY_SHIP1,49.683888888888,117.42611111111111,0.0,0.0,5.0,0.0,
,713,700,24.5,ship,MY_SHIP1,49.68395833333244,117.42611111111111,0.0,0.0,5.0,0.0,
,714,701,24.535,ship,MY_SHIP1,49.68402777777688,117.42611111111111,0.0,0.0,5.0,0.0,
,715,702,24.57,ship,MY_SHIP1,49.684097222221325,117.42611111111111,0.0,0.0,5.0,0.0,
,716,703,24.605,ship,MY_SHIP1,49.68416666666577,117.42611111111111,0.0,0.0,5.0,0.0,
,717,704,24.64,ship,MY_SHIP1,49.68423611111021,117.42611111111111,0.0,0.0,5.0,0.0,
,718,705,24.675,ship,MY_SHIP1,49.68430555555465,117.42611111111111,0.0,0.0,5.0,0.0,
,719,706,24.71,ship,MY_SHIP1,49.68437499999909,117.42611111111111,0.0,0.0,5.0,0.0,
,720,707,24.745,ship,MY_SHIP1,49.684444444443535,117.42611111111111,0.0,0.0,5.0,0.0,
,721,708,24.78,ship,MY_SHIP1,49.68451388888798,117.42611111111111,0.0,0.0,5.0,0.0,
,722,709,24.815,ship,MY_SHIP1,49.68458333333242,117.42611111111111,0.0,0.0,5.0,0.0,
,723,710,24.85,ship,MY_SHIP1,49.68465277777686,117.42611111111111,0.0,0.0,5.0,0.0,
,724,711,24.885,ship,MY_SHIP1,49.6847222222213,117.42611111111111,0.0,0.0,5.0,0.0,
,725,712,24.92,ship,MY_SHIP1,49.684791666665745,117.42611111111111,0.0,0.0,5.0,0.0,
,726,713,24.955,ship,MY_SHIP1,49.68486111111019,117.42611111111111,0.0,0.0,5.0,0.0,
,727,714,24.99,ship,MY_SHIP1,49.68493055555463,117.42611111111111,0.0,0.0,5.0,0.0,
,728,715,25.025,ship,MY_SHIP1,49.68499999999907,117.42611111111111,0.0,0.0,5.0,0.0,
,729,716,25.06,ship,MY_SHIP1,49.68506944444351,117.42611111111111,0.0,0.0,5.0,0.0,
,730,717,25.095,ship,MY_SHIP1,49.685138888887955,117.42611111111111,0.0,0.0,5.0,0.0,
,731,718,25.13,ship,MY_SHIP1,49.6852083333324,117.42611111111111,0.0,0.0,5.0,0.0,
,732,719,25.165,ship,MY_SHIP1,49.68527777777684,117.42611111111111,0.0,0.0,5.0,0.0,
,733,720,25.2,ship,MY_SHIP1,49.68534722222128,117.42611111111111,0.0,0.0,5.0,0.0,
,734,721,25.235,ship,MY_SHIP1,49.68541666666572,117.42611111111111,0.0,0.0,5.0,0.0,
,735,722,25.27,ship,MY_SHIP1,49.685486111110166,117.42611111111111,0.0,0.0,5.0,0.0,
,736,723,25.305,ship,MY_SHIP1,49.68555555555461,117.42611111111111,0.0,0.0,5.0,0.0,
,737,724,25.34,ship,MY_SHIP1,49.68562499999905,117.42611111111111,0.0,0.0,5.0,0.0,
,738,725,25.375,ship,MY_SHIP1,49.68569444444349,117.42611111111111,0.0,0.0,5.0,0.0,
,739,726,25.41,ship,MY_SHIP1,49.685763888887934,117.42611111111111,0.0,0.0,5.0,0.0,
,740,727,25.445,ship,MY_SHIP1,49.685833333332376,117.42611111111111,0.0,0.0,5.0,0.0,
,741,728,25.48,ship,MY_SHIP1,49.68590277777682,117.42611111111111,0.0,0.0,5.0,0.0,
,742,729,25.515,ship,MY_SHIP1,49.68597222222126,117.42611111111111,0.0,0.0,5.0,0.0,
,743,730,25.55,ship,MY_SHIP1,49.6860416666657,117.42611111111111,0.0,0.0,5.0,0.0,
,744,731,25.585,ship,MY_SHIP1,49.686111111110144,117.42611111111111,0.0,0.0,5.0,0.0,
,745,732,25.62,ship,MY_SHIP1,49.686180555554586,117.42611111111111,0.0,0.0,5.0,0.0,
,746,733,25.655,ship,MY_SHIP1,49.68624999999903,117.42611111111111,0.0,0.0,5.0,0.0,
,747,734,25.69,ship,MY_SHIP1,49.68631944444347,117.42611111111111,0.0,0.0,5.0,0.0,
,748,735,25.725,ship,MY_SHIP1,49.68638888888791,117.42611111111111,0.0,0.0,5.0,0.0,
,749,736,25.76,ship,MY_SHIP1,49.686458333332354,117.42611111111111,0.0,0.0,5.0,0.0,
,750,737,25.795,ship,MY_SHIP1,49.686527777776796,117.42611111111111,0.0,0.0,5.0,0.0,
,751,738,25.83,ship,MY_SHIP1,49.68659722222124,117.42611111111111,0.0,0.0,5.0,0.0,
,752,739,25.865,ship,MY_SHIP1,49.68666666666568,117.42611111111111,0.0,0.0,5.0,0.0,
,753,740,25.9,ship,MY_SHIP1,49.68673611111012,117.42611111111111,0.0,0.0,5.0,0.0,
,754,741,25.935,ship,MY_SHIP1,49.686805555554564,117.42611111111111,0.0,0.0,5.0,0.0,
,755,742,25.97,ship,MY_SHIP1,49.686874999999006,117.42611111111111,0.0,0.0,5.0,0.0,
,756,743,26.005,ship,MY_SHIP1,49.68694444444345,117.42611111111111,0.0,0.0,5.0,0.0,
,757,744,26.04,ship,MY_SHIP1,49.68701388888789,117.42611111111111,0.0,0.0,5.0,0.0,
,758,745,26.075,ship,MY_SHIP1,49.68708333333233,117.42611111111111,0.0,0.0,5.0,0.0,
,759,746,26.11,ship,MY_SHIP1,49.687152777776774,117.42611111111111,0.0,0.0,5.0,0.0,
,760,747,26.145,ship,MY_SHIP1,49.687222222221216,117.42611111111111,0.0,0.0,5.0,0.0,
,761,748,26.18,ship,MY_SHIP1,49.68729166666566,117.42611111111111,0.0,0.0,5.0,0.0,
,762,749,26.215,ship,MY_SHIP1,49.6873611111101,117.42611111111111,0.0,0.0,5.0,0.0,
,763,750,26.25,ship,MY_SHIP1,49.68743055555454,117.42611111111111,0.0,0.0,5.0,0.0,
,764,751,26.285,ship,MY_SHIP1,49.687499999998984,117.42611111111111,0.0,0.0,5.0,0.0,
,765,752,26.32,ship,MY_SHIP1,49.687569444443426,117.42611111111111,0.0,0.0,5.0,0.0,
,766,753,26.355,ship,MY_SHIP1,49.68763888888787,117.42611111111111,0.0,0.0,5.0,0.0,
,767,754,26.39,ship,MY_SHIP1,49.68770833333231,117.42611111111111,0.0,0.0,5.0,0.0,
,768,755,26.425,ship,MY_SHIP1,49.68777777777675,117.42611111111111,0.0,0.0,5.0,0.0,
,769,756,26.46,ship,MY_SHIP1,49.687847222221194,117.42611111111111,0.0,0.0,5.0,0.0,
,770,757,26.495,ship,MY_SHIP1,49.687916666665636,117.42611111111111,0.0,0.0,5.0,0.0,
,771,758,26.53,ship,MY_SHIP1,49.68798611111008,117.42611111111111,0.0,0.0,5.0,0.0,
,772,759,26.565,ship,MY_SHIP1,49.68805555555452,117.42611111111111,0.0,0.0,5.0,0.0,
,773,760,26.6,ship,MY_SHIP1,49.68812499999896,117.42611111111111,0.0,0.0,5.0,0.0,
,774,761,26.635,ship,MY_SHIP1,49.688194444443404,117.42611111111111,0.0,0.0,5.0,0.0,
,775,762,26.67,ship,MY_SHIP1,49.688263888887846,117.42611111111111,0.0,0.0,5.0,0.0,
,776,763,26.705,ship,MY_SHIP1,49.68833333333229,117.42611111111111,0.0,0.0,5.0,0.0,
,777,764,26.74,ship,MY_SHIP1,49.68840277777673,117.42611111111111,0.0,0.0,5.0,0.0,
,778,765,26.775,ship,MY_SHIP1,49.68847222222117,117.42611111111111,0.0,0.0,5.0,0.0,
,779,766,26.81,ship,MY_SHIP1,49.688541666665614,117.42611111111111,0.0,0.0,5.0,0.0,
,780,767,26.845,ship,MY_SHIP1,49.688611111110056,117.42611111111111,0.0,0.0,5.0,0.0,
,781,768,26.88,ship,MY_SHIP1,49.6886805555545,117.42611111111111,0.0,0.0,5.0,0.0,
,782,769,26.915,ship,MY_SHIP1,49.68874999999894,117.42611111111111,0.0,0.0,5.0,0.0,
,783,770,26.95,ship,MY_SHIP1,49.68881944444338,117.42611111111111,0.0,0.0,5.0,0.0,
,784,771,26.985,ship,MY_SHIP1,49.688888888887824,117.42611111111111,0.0,0.0,5.0,0.0,
,785,772,27.02,ship,MY_SHIP1,49.688958333332266,117.42611111111111,0.0,0.0,5.0,0.0,
,786,773,27.055,ship,MY_SHIP1,49.68902777777671,117.42611111111111,0.0,0.0,5.0,0.0,
,787,774,27.09,ship,MY_SHIP1,49.68909722222115,117.42611111111111,0.0,0.0,5.0,0.0,
,788,775,27.125,ship,MY_SHIP1,49.68916666666559,117.42611111111111,0.0,0.0,5.0,0.0,
,789,776,27.16,ship,MY_SHIP1,49.689236111110034,117.42611111111111,0.0,0.0,5.0,0.0,
,790,777,27.195,ship,MY_SHIP1,49.689305555554476,117.42611111111111,0.0,0.0,5.0,0.0,
,791,778,27.23,ship,MY_SHIP1,49.68937499999892,117.42611111111111,0.0,0.0,5.0,0.0,
,792,779,27.265,ship,MY_SHIP1,49.68944444444336,117.42611111111111,0.0,0.0,5.0,0.0,
,793,780,27.3,ship,MY_SHIP1,49.6895138888878,117.42611111111111,0.0,0.0,5.0,0.0,
,794,781,27.335,ship,MY_SHIP1,49.689583333332244,117.42611111111111,0.0,0.0,5.0,0.0,
,795,782,27.37,ship,MY_SHIP1,49.689652777776686,117.42611111111111,0.0,0.0,5.0,0.0,
,796,783,27.405,ship,MY_SHIP1,49.68972222222113,117.42611111111111,0.0,0.0,5.0,0.0,
,797,784,27.44,ship,MY_SHIP1,49.68979166666557,117.42611111111111,0.0,0.0,5.0,0.0,
,798,785,27.475,ship,MY_SHIP1,49.68986111111001,117.42611111111111,0.0,0.0,5.0,0.0,
,799,786,27.51,ship,MY_SHIP1,49.689930555554454,117.42611111111111,0.0,0.0,5.0,0.0,
,800,787,27.545,ship,MY_SHIP1,49.689999999998896,117.42611111111111,0.0,0.0,5.0,0.0,
,801,788,27.58,ship,MY_SHIP1,49.69006944444334,117.42611111111111,0.0,0.0,5.0,0.0,
,802,789,27.615,ship,MY_SHIP1,49.69013888888778,117.42611111111111,0.0,0.0,5.0,0.0,
,803,790,27.65,ship,MY_SHIP1,49.69020833333222,117.42611111111111,0.0,0.0,5.0,0.0,
,804,791,27.685,ship,MY_SHIP1,49.690277777776664,117.42611111111111,0.0,0.0,5.0,0.0,
,805,792,27.72,ship,MY_SHIP1,49.69034722222111,117.42611111111111,0.0,0.0,5.0,0.0,
,806,793,27.755,ship,MY_SHIP1,49.69041666666555,117.42611111111111,0.0,0.0,5.0,0.0,
,807,794,27.79,ship,MY_SHIP1,49.69048611110999,117.42611111111111,0.0,0.0,5.0,0.0,
,808,795,27.825,ship,MY_SHIP1,49.69055555555443,117.42611111111111,0.0,0.0,5.0,0.0,
,809,796,27.86,ship,MY_SHIP1,49.690624999998875,117.42611111111111,0.0,0.0,5.0,0.0,
,810,797,27.895,ship,MY_SHIP1,49.69069444444332,117.42611111111111,0.0,0.0,5.0,0.0,
,811,798,27.93,ship,MY_SHIP1,49.69076388888776,117.42611111111111,0.0,0.0,5.0,0.0,
,812,799,27.965,ship,MY_SHIP1,49.6908333333322,117.42611111111111,0.0,0.0,5.0,0.0,
,813,800,28.0,ship,MY_SHIP1,49.69090277777664,117.42611111111111,0.0,0.0,5.0,0.0,
,814,801,28.035,ship,MY_SHIP1,49.690972222221085,117.42611111111111,0.0,0.0,5.0,0.0,
,815,802,28.07,ship,MY_SHIP1,49.69104166666553,117.42611111111111,0.0,0.0,5.0,0.0,
,816,803,28.105,ship,MY_SHIP1,49.69111111110997,117.42611111111111,0.0,0.0,5.0,0.0,
,817,804,28.14,ship,MY_SHIP1,49.69118055555441,117.42611111111111,0.0,0.0,5.0,0.0,
,818,805,28.175,ship,MY_SHIP1,49.69124999999885,117.42611111111111,0.0,0.0,5.0,0.0,
,819,806,28.21,ship,MY_SHIP1,49.691319444443295,117.42611111111111,0.0,0.0,5.0,0.0,
,820,807,28.245,ship,MY_SHIP1,49.69138888888774,117.42611111111111,0.0,0.0,5.0,0.0,
,821,808,28.28,ship,MY_SHIP1,49.69145833333218,117.42611111111111,0.0,0.0,5.0,0.0,
,822,809,28.315,ship,MY_SHIP1,49.69152777777662,117.42611111111111,0.0,0.0,5.0,0.0,
,823,810,28.35,ship,MY_SHIP1,49.69159722222106,117.42611111111111,0.0,0.0,5.0,0.0,
,824,811,28.385,ship,MY_SHIP1,49.691666666665505,117.42611111111111,0.0,0.0,5.0,0.0,
,825,812,28.42,ship,MY_SHIP1,49.69173611110995,117.42611111111111,0.0,0.0,5.0,0.0,
,826,813,28.455,ship,MY_SHIP1,49.69180555555439,117.42611111111111,0.0,0.0,5.0,0.0,
,827,814,28.49,ship,MY_SHIP1,49.69187499999883,117.42611111111111,0.0,0.0,5.0,0.0,
,828,815,28.525,ship,MY_SHIP1,49.69194444444327,117.42611111111111,0.0,0.0,5.0,0.0,
,829,816,28.56,ship,MY_SHIP1,49.692013888887715,117.42611111111111,0.0,0.0,5.0,0.0,
,830,817,28.595,ship,MY_SHIP1,49.69208333333216,117.42611111111111,0.0,0.0,5.0,0.0,
,831,818,28.63,ship,MY_SHIP1,49.6921527777766,117.42611111111111,0.0,0.0,5.0,0.0,
,832,819,28.665,ship,MY_SHIP1,49.69222222222104,117.42611111111111,0.0,0.0,5.0,0.0,
,833,820,28.7,ship,MY_SHIP1,49.69229166666548,117.42611111111111,0.0,0.0,5.0,0.0,
,834,821,28.735,ship,MY_SHIP1,49.692361111109925,117.42611111111111,0.0,0.0,5.0,0.0,
,835,822,28.77,ship,MY_SHIP1,49.69243055555437,117.42611111111111,0.0,0.0,5.0,0.0,
,836,823,28.805,ship,MY_SHIP1,49.69249999999881,117.42611111111111,0.0,0.0,5.0,0.0,
,837,824,28.84,ship,MY_SHIP1,49.69256944444325,117.42611111111111,0.0,0.0,5.0,0.0,
,838,825,28.875,ship,MY_SHIP1,49.69263888888769,117.42611111111111,0.0,0.0,5.0,0.0,
,839,826,28.91,ship,MY_SHIP1,49.692708333332135,117.42611111111111,0.0,0.0,5.0,0.0,
,840,827,28.945,ship,MY_SHIP1,49.69277777777658,117.42611111111111,0.0,0.0,5.0,0.0,
,841,828,28.98,ship,MY_SHIP1,49.69284722222102,117.42611111111111,0.0,0.0,5.0,0.0,
,842,829,29.015,ship,MY_SHIP1,49.69291666666546,117.42611111111111,0.0,0.0,5.0,0.0,
,843,830,29.05,ship,MY_SHIP1,49.6929861111099,117.42611111111111,0.0,0.0,5.0,0.0,
,844,831,29.085,ship,MY_SHIP1,49.693055555554345,117.42611111111111,0.0,0.0,5.0,0.0,
,845,832,29.12,ship,MY_SHIP1,49.69312499999879,117.42611111111111,0.0,0.0,5.0,0.0,
,846,833,29.155,ship,MY_SHIP1,49.69319444444323,117.42611111111111,0.0,0.0,5.0,0.0,
,847,834,29.19,ship,MY_SHIP1,49.69326388888767,117.42611111111111,0.0,0.0,5.0,0.0,
,848,835,29.225,ship,MY_SHIP1,49.69333333333211,117.42611111111111,0.0,0.0,5.0,0.0,
,849,836,29.26,ship,MY_SHIP1,49.693402777776555,117.42611111111111,0.0,0.0,5.0,0.0,
,850,837,29.295,ship,MY_SHIP1,49.693472222221,117.42611111111111,0.0,0.0,5.0,0.0,
,851,838,29.33,ship,MY_SHIP1,49.69354166666544,117.42611111111111,0.0,0.0,5.0,0.0,
,852,839,29.365,ship,MY_SHIP1,49.69361111110988,117.42611111111111,0.0,0.0,5.0,0.0,
,853,840,29.4,ship,MY_SHIP1,49.69368055555432,117.42611111111111,0.0,0.0,5.0,0.0,
,854,841,29.435,ship,MY_SHIP1,49.693749999998765,117.42611111111111,0.0,0.0,5.0,0.0,
,855,842,29.47,ship,MY_SHIP1,49.69381944444321,117.42611111111111,0.0,0.0,5.0,0.0,
,856,843,29.505,ship,MY_SHIP1,49.69388888888765,117.42611111111111,0.0,0.0,5.0,0.0,
,857,844,29.54,ship,MY_SHIP1,49.69395833333209,117.42611111111111,0.0,0.0,5.0,0.0,
,858,845,29.575,ship,MY_SHIP1,49.69402777777653,117.42611111111111,0.0,0.0,5.0,0.0,
,859,846,29.61,ship,MY_SHIP1,49.694097222220975,117.42611111111111,0.0,0.0,5.0,0.0,
,860,847,29.645,ship,MY_SHIP1,49.69416666666542,117.42611111111111,0.0,0.0,5.0,0.0,
,861,848,29.68,ship,MY_SHIP1,49.69423611110986,117.42611111111111,0.0,0.0,5.0,0.0,
,862,849,29.715,ship,MY_SHIP1,49.6943055555543,117.42611111111111,0.0,0.0,5.0,0.0,
,863,850,29.75,ship,MY_SHIP1,49.69437499999874,117.42611111111111,0.0,0.0,5.0,0.0,
,864,851,29.785,ship,MY_SHIP1,49.694444444443185,117.42611111111111,0.0,0.0,5.0,0.0,
,865,852,29.82,ship,MY_SHIP1,49.69451388888763,117.42611111111111,0.0,0.0,5.0,0.0,
,866,853,29.855,ship,MY_SHIP1,49.69458333333207,117.42611111111111,0.0,0.0,5.0,0.0,
,867,854,29.89,ship,MY_SHIP1,49.69465277777651,117.42611111111111,0.0,0.0,5.0,0.0,
,868,855,29.925,ship,MY_SHIP1,49.69472222222095,117.42611111111111,0.0,0.0,5.0,0.0,
,869,856,29.96,ship,MY_SHIP1,49.694791666665395,117.42611111111111,0.0,0.0,5.0,0.0,
,870,857,29.995,ship,MY_SHIP1,49.69486111110984,117.42611111111111,0.0,0.0,5.0,0.0,
,871,858,30.03,ship,MY_SHIP1,49.69493055555428,117.42611111111111,0.0,0.0,5.0,0.0,
,872,859,30.065,ship,MY_SHIP1,49.69499999999872,117.42611111111111,0.0,0.0,5.0,0.0,
,873,860,30.1,ship,MY_SHIP1,49.69506944444316,117.42611111111111,0.0,0.0,5.0,0.0,
,874,861,30.135,ship,MY_SHIP1,49.695138888887605,117.42611111111111,0.0,0.0,5.0,0.0,
,875,862,30.17,ship,MY_SHIP1,49.69520833333205,117.42611111111111,0.0,0.0,5.0,0.0,
,876,863,30.205,ship,MY_SHIP1,49.69527777777649,117.42611111111111,0.0,0.0,5.0,0.0,
,877,864,30.24,ship,MY_SHIP1,49.69534722222093,117.42611111111111,0.0,0.0,5.0,0.0,
,878,865,30.275,ship,MY_SHIP1,49.69541666666537,117.42611111111111,0.0,0.0,5.0,0.0,
,879,866,30.31,ship,MY_SHIP1,49.695486111109815,117.42611111111111,0.0,0.0,5.0,0.0,
,880,867,30.345,ship,MY_SHIP1,49.69555555555426,117.42611111111111,0.0,0.0,5.0,0.0,
,881,868,30.38,ship,MY_SHIP1,49.6956249999987,117.42611111111111,0.0,0.0,5.0,0.0,
,882,869,30.415,ship,MY_SHIP1,49.69569444444314,117.42611111111111,0.0,0.0,5.0,0.0,
,883,870,30.45,ship,MY_SHIP1,49.69576388888758,117.42611111111111,0.0,0.0,5.0,0.0,
,884,871,30.485,ship,MY_SHIP1,49.695833333332025,117.42611111111111,0.0,0.0,5.0,0.0,
,885,872,30.52,ship,MY_SHIP1,49.69590277777647,117.42611111111111,0.0,0.0,5.0,0.0,
,886,873,30.555,ship,MY_SHIP1,49.69597222222091,117.42611111111111,0.0,0.0,5.0,0.0,
,887,874,30.59,ship,MY_SHIP1,49.69604166666535,117.42611111111111,0.0,0.0,5.0,0.0,
,888,875,30.625,ship,MY_SHIP1,49.69611111110979,117.42611111111111,0.0,0.0,5.0,0.0,
,889,876,30.66,ship,MY_SHIP1,49.696180555554236,117.42611111111111,0.0,0.0,5.0,0.0,
,890,877,30.695,ship,MY_SHIP1,49.69624999999868,117.42611111111111,0.0,0.0,5.0,0.0,
,891,878,30.73,ship,MY_SHIP1,49.69631944444312,117.42611111111111,0.0,0.0,5.0,0.0,
,892,879,30.765,ship,MY_SHIP1,49.69638888888756,117.42611111111111,0.0,0.0,5.0,0.0,
,893,880,30.8,ship,MY_SHIP1,49.696458333332004,117.42611111111111,0.0,0.0,5.0,0.0,
,894,881,30.835,ship,MY_SHIP1,49.696527777776446,117.42611111111111,0.0,0.0,5.0,0.0,
,895,882,30.87,ship,MY_SHIP1,49.69659722222089,117.42611111111111,0.0,0.0,5.0,0.0,
,896,883,30.905,ship,MY_SHIP1,49.69666666666533,117.42611111111111,0.0,0.0,5.0,0.0,
,897,884,30.94,ship,MY_SHIP1,49.69673611110977,117.42611111111111,0.0,0.0,5.0,0.0,
,898,885,30.975,ship,MY_SHIP1,49.696805555554214,117.42611111111111,0.0,0.0,5.0,0.0,
,899,886,31.01,ship,MY_SHIP1,49.696874999998656,117.42611111111111,0.0,0.0,5.0,0.0,
,900,887,31.045,ship,MY_SHIP1,49.6969444444431,117.42611111111111,0.0,0.0,5.0,0.0,
,901,888,31.08,ship,MY_SHIP1,49.69701388888754,117.42611111111111,0.0,0.0,5.0,0.0,
,902,889,31.115,ship,MY_SHIP1,49.69708333333198,117.42611111111111,0.0,0.0,5.0,0.0,
,903,890,31.15,ship,MY_SHIP1,49.697152777776424,117.42611111111111,0.0,0.0,5.0,0.0,
,904,891,31.185,ship,MY_SHIP1,49.697222222220866,117.42611111111111,0.0,0.0,5.0,0.0,
,905,892,31.22,ship,MY_SHIP1,49.69729166666531,117.42611111111111,0.0,0.0,5.0,0.0,
,906,893,31.255,ship,MY_SHIP1,49.69736111110975,117.42611111111111,0.0,0.0,5.0,0.0,
,907,894,31.29,ship,MY_SHIP1,49.69743055555419,117.42611111111111,0.0,0.0,5.0,0.0,
,908,895,31.325,ship,MY_SHIP1,49.697499999998634,117.42611111111111,0.0,0.0,5.0,0.0,
,909,896,31.36,ship,MY_SHIP1,49.697569444443076,117.42611111111111,0.0,0.0,5.0,0.0,
,910,897,31.395,ship,MY_SHIP1,49.69763888888752,117.42611111111111,0.0,0.0,5.0,0.0,
,911,898,31.43,ship,MY_SHIP1,49.69770833333196,117.42611111111111,0.0,0.0,5.0,0.0,
,912,899,31.465,ship,MY_SHIP1,49.6977777777764,117.42611111111111,0.0,0.0,5.0,0.0,
,913,900,31.5,ship,MY_SHIP1,49.697847222220844,117.42611111111111,0.0,0.0,5.0,0.0,
,914,901,31.535,ship,MY_SHIP1,49.697916666665286,117.42611111111111,0.0,0.0,5.0,0.0,
,915,902,31.57,ship,MY_SHIP1,49.69798611110973,117.42611111111111,0.0,0.0,5.0,0.0,
,916,903,31.605,ship,MY_SHIP1,49.69805555555417,117.42611111111111,0.0,0.0,5.0,0.0,
,917,904,31.64,ship,MY_SHIP1,49.69812499999861,117.42611111111111,0.0,0.0,5.0,0.0,
,918,905,31.675,ship,MY_SHIP1,49.698194444443054,117.42611111111111,0.0,0.0,5.0,0.0,
,919,906,31.71,ship,MY_SHIP1,49.698263888887496,117.42611111111111,0.0,0.0,5.0,0.0,
,920,907,31.745,ship,MY_SHIP1,49.69833333333194,117.42611111111111,0.0,0.0,5.0,0.0,
,921,908,31.78,ship,MY_SHIP1,49.69840277777638,117.42611111111111,0.0,0.0,5.0,0.0,
,922,909,31.815,ship,MY_SHIP1,49.69847222222082,117.42611111111111,0.0,0.0,5.0,0.0,
,923,910,31.85,ship,MY_SHIP1,49.698541666665264,117.42611111111111,0.0,0.0,5.0,0.0,
,924,911,31.885,ship,MY_SHIP1,49.698611111109706,117.42611111111111,0.0,0.0,5.0,0.0,
,925,912,31.92,ship,MY_SHIP1,49.69868055555415,117.42611111111111,0.0,0.0,5.0,0.0,
,926,913,31.955,ship,MY_SHIP1,49.69874999999859,117.42611111111111,0.0,0.0,5.0,0.0,
,927,914,31.99,ship,MY_SHIP1,49.69881944444303,117.42611111111111,0.0,0.0,5.0,0.0,
,928,915,32.025,ship,MY_SHIP1,49.698888888887474,117.42611111111111,0.0,0.0,5.0,0.0,
,929,916,32.06,ship,MY_SHIP1,49.698958333331916,117.42611111111111,0.0,0.0,5.0,0.0,
,930,917,32.095,ship,MY_SHIP1,49.69902777777636,117.42611111111111,0.0,0.0,5.0,0.0,
,931,918,32.13,ship,MY_SHIP1,49.6990972222208,117.42611111111111,0.0,0.0,5.0,0.0,
,932,919,32.165,ship,MY_SHIP1,49.69916666666524,117.42611111111111,0.0,0.0,5.0,0.0,
,933,920,32.2,ship,MY_SHIP1,49.699236111109684,117.42611111111111,0.0,0.0,5.0,0.0,
,934,921,32.235,ship,MY_SHIP1,49.699305555554126,117.42611111111111,0.0,0.0,5.0,0.0,
,935,922,32.27,ship,MY_SHIP1,49.69937499999857,117.42611111111111,0.0,0.0,5.0,0.0,
,936,923,32.305,ship,MY_SHIP1,49.69944444444301,117.42611111111111,0.0,0.0,5.0,0.0,
,937,924,32.34,ship,MY_SHIP1,49.69951388888745,117.42611111111111,0.0,0.0,5.0,0.0,
,938,925,32.375,ship,MY_SHIP1,49.699583333331894,117.42611111111111,0.0,0.0,5.0,0.0,
,939,926,32.41,ship,MY_SHIP1,49.699652777776336,117.42611111111111,0.0,0.0,5.0,0.0,
,940,927,32.445,ship,MY_SHIP1,49.69972222222078,117.42611111111111,0.0,0.0,5.0,0.0,
,941,928,32.48,ship,MY_SHIP1,49.69979166666522,117.42611111111111,0.0,0.0,5.0,0.0,
,942,929,32.515,ship,MY_SHIP1,49.69986111110966,117.42611111111111,0.0,0.0,5.0,0.0,
,943,930,32.55,ship,MY_SHIP1,49.699930555554104,117.42611111111111,0.0,0.0,5.0,0.0,
,944,931,32.585,ship,MY_SHIP1,49.699999999998546,117.42611111111111,0.0,0.0,5.0,0.0,
,945,932,32.62,ship,MY_SHIP1,49.70006944444299,117.42611111111111,0.0,0.0,5.0,0.0,
,946,933,32.655,ship,MY_SHIP1,49.70013888888743,117.42611111111111,0.0,0.0,5.0,0.0,
,947,934,32.69,ship,MY_SHIP1,49.70020833333187,117.42611111111111,0.0,0.0,5.0,0.0,
,948,935,32.725,ship,MY_SHIP1,49.700277777776314,117.42611111111111,0.0,0.0,5.0,0.0,
,949,936,32.76,ship,MY_SHIP1,49.700347222220756,117.42611111111111,0.0,0.0,5.0,0.0,
,950,937,32.795,ship,MY_SHIP1,49.7004166666652,117.42611111111111,0.0,0.0,5.0,0.0,
,951,938,32.83,ship,MY_SHIP1,49.70048611110964,117.42611111111111,0.0,0.0,5.0,0.0,
,952,939,32.865,ship,MY_SHIP1,49.70055555555408,117.42611111111111,0.0,0.0,5.0,0.0,
,953,940,32.9,ship,MY_SHIP1,49.700624999998524,117.42611111111111,0.0,0.0,5.0,0.0,
,954,941,32.935,ship,MY_SHIP1,49.700694444442966,117.42611111111111,0.0,0.0,5.0,0.0,
,955,942,32.97,ship,MY_SHIP1,49.70076388888741,117.42611111111111,0.0,0.0,5.0,0.0,
,956,943,33.005,ship,MY_SHIP1,49.70083333333185,117.42611111111111,0.0,0.0,5.0,0.0,
,957,944,33.04,ship,MY_SHIP1,49.70090277777629,117.42611111111111,0.0,0.0,5.0,0.0,
,958,945,33.075,ship,MY_SHIP1,49.700972222220734,117.42611111111111,0.0,0.0,5.0,0.0,
,959,946,33.11,ship,MY_SHIP1,49.701041666665176,117.42611111111111,0.0,0.0,5.0,0.0,
,960,947,33.145,ship,MY_SHIP1,49.70111111110962,117.42611111111111,0.0,0.0,5.0,0.0,
,961,948,33.18,ship,MY_SHIP1,49.70118055555406,117.42611111111111,0.0,0.0,5.0,0.0,
,962,949,33.215,ship,MY_SHIP1,49.7012499999985,117.42611111111111,0.0,0.0,5.0,0.0,
,963,950,33.25,ship,MY_SHIP1,49.701319444442944,117.42611111111111,0.0,0.0,5.0,0.0,
,964,951,33.285,ship,MY_SHIP1,49.70138888888739,117.42611111111111,0.0,0.0,5.0,0.0,
,965,952,33.32,ship,MY_SHIP1,49.70145833333183,117.42611111111111,0.0,0.0,5.0,0.0,
,966,953,33.355,ship,MY_SHIP1,49.70152777777627,117.42611111111111,0.0,0.0,5.0,0.0,
,967,954,33.39,ship,MY_SHIP1,49.70159722222071,117.42611111111111,0.0,0.0,5.0,0.0,
,968,955,33.425,ship,MY_SHIP1,49.701666666665155,117.42611111111111,0.0,0.0,5.0,0.0,
,969,956,33.46,ship,MY_SHIP1,49.7017361111096,117.42611111111111,0.0,0.0,5.0,0.0,
,970,957,33.495,ship,MY_SHIP1,49.70180555555404,117.42611111111111,0.0,0.0,5.0,0.0,
,971,958,33.53,ship,MY_SHIP1,49.70187499999848,117.42611111111111,0.0,0.0,5.0,0.0,
,972,959,33.565,ship,MY_SHIP1,49.70194444444292,117.42611111111111,0.0,0.0,5.0,0.0,
,973,960,33.6,ship,MY_SHIP1,49.702013888887365,117.42611111111111,0.0,0.0,5.0,0.0,
,974,961,33.635,ship,MY_SHIP1,49.70208333333181,117.42611111111111,0.0,0.0,5.0,0.0,
,975,962,33.67,ship,MY_SHIP1,49.70215277777625,117.42611111111111,0.0,0.0,5.0,0.0,
,976,963,33.705,ship,MY_SHIP1,49.70222222222069,117.42611111111111,0.0,0.0,5.0,0.0,
,977,964,33.74,ship,MY_SHIP1,49.70229166666513,117.42611111111111,0.0,0.0,5.0,0.0,
,978,965,33.775,ship,MY_SHIP1,49.702361111109575,117.42611111111111,0.0,0.0,5.0,0.0,
,979,966,33.81,ship,MY_SHIP1,49.70243055555402,117.42611111111111,0.0,0.0,5.0,0.0,
,980,967,33.845,ship,MY_SHIP1,49.70249999999846,117.42611111111111,0.0,0.0,5.0,0.0,
,981,968,33.88,ship,MY_SHIP1,49.7025694444429,117.42611111111111,0.0,0.0,5.0,0.0,
,982,969,33.915,ship,MY_SHIP1,49.70263888888734,117.42611111111111,0.0,0.0,5.0,0.0,
,983,970,33.95,ship,MY_SHIP1,49.702708333331785,117.42611111111111,0.0,0.0,5.0,0.0,
,984,971,33.985,ship,MY_SHIP1,49.70277777777623,117.42611111111111,0.0,0.0,5.0,0.0,
,985,972,34.02,ship,MY_SHIP1,49.70284722222067,117.42611111111111,0.0,0.0,5.0,0.0,
,986,973,34.055,ship,MY_SHIP1,49.70291666666511,117.42611111111111,0.0,0.0,5.0,0.0,
,987,974,34.09,ship,MY_SHIP1,49.70298611110955,117.42611111111111,0.0,0.0,5.0,0.0,
,988,975,34.125,ship,MY_SHIP1,49.703055555553995,117.42611111111111,0.0,0.0,5.0,0.0,
,989,976,34.16,ship,MY_SHIP1,49.70312499999844,117.42611111111111,0.0,0.0,5.0,0.0,
,990,977,34.195,ship,MY_SHIP1,49.70319444444288,117.42611111111111,0.0,0.0,5.0,0.0,
,991,978,34.23,ship,MY_SHIP1,49.70326388888732,117.42611111111111,0.0,0.0,5.0,0.0,
,992,979,34.265,ship,MY_SHIP1,49.70333333333176,117.42611111111111,0.0,0.0,5.0,0.0,
,993,980,34.3,ship,MY_SHIP1,49.703402777776205,117.42611111111111,0.0,0.0,5.0,0.0,
,994,981,34.335,ship,MY_SHIP1,49.70347222222065,117.42611111111111,0.0,0.0,5.0,0.0,
,995,982,34.37,ship,MY_SHIP1,49.70354166666509,117.42611111111111,0.0,0.0,5.0,0.0,
,996,983,34.405,ship,MY_SHIP1,49.70361111110953,117.42611111111111,0.0,0.0,5.0,0.0,
,997,984,34.44,ship,MY_SHIP1,49.70368055555397,117.42611111111111,0.0,0.0,5.0,0.0,
,998,985,34.475,ship,MY_SHIP1,49.703749999998415,117.42611111111111,0.0,0.0,5.0,0.0,
,999,986,34.51,ship,MY_SHIP1,49.70381944444286,117.42611111111111,0.0,0.0,5.0,0.0,
,1000,987,34.545,ship,MY_SHIP1,49.7038888888873,117.42611111111111,0.0,0.0,5.0,0.0,
,1001,988,34.58,ship,MY_SHIP1,49.70395833333174,117.42611111111111,0.0,0.0,5.0,0.0,
,1002,989,34.615,ship,MY_SHIP1,49.70402777777618,117.42611111111111,0.0,0.0,5.0,0.0,
,1003,990,34.65,ship,MY_SHIP1,49.704097222220625,117.42611111111111,0.0,0.0,5.0,0.0,
,1004,991,34.685,ship,MY_SHIP1,49.70416666666507,117.42611111111111,0.0,0.0,5.0,0.0,
,1005,992,34.72,ship,MY_SHIP1,49.70423611110951,117.42611111111111,0.0,0.0,5.0,0.0,
,1006,993,34.755,ship,MY_SHIP1,49.70430555555395,117.42611111111111,0.0,0.0,5.0,0.0,
,1007,994,34.79,ship,MY_SHIP1,49.70437499999839,117.42611111111111,0.0,0.0,5.0,0.0,
,1008,995,34.825,ship,MY_SHIP1,49.704444444442835,117.42611111111111,0.0,0.0,5.0,0.0,
,1009,996,34.86,ship,MY_SHIP1,49.70451388888728,117.42611111111111,0.0,0.0,5.0,0.0,
,1010,997,34.895,ship,MY_SHIP1,49.70458333333172,117.42611111111111,0.0,0.0,5.0,0.0,
,1011,998,34.93,ship,MY_SHIP1,49.70465277777616,117.42611111111111,0.0,0.0,5.0,0.0,
,1012,999,34.965,ship,MY_SHIP1,49.7047222222206,117.42611111111111,0.0,0.0,5.0,0.0,
,1013,1000,35.0,ship,MY_SHIP1,49.704791666665045,117.42611111111111,0.0,0.0,5.0,0.0,
,1014,1001,35.035,ship,MY_SHIP1,49.70486111110949,117.42611111111111,0.0,0.0,5.0,0.0,
,1015,1002,35.07,ship,MY_SHIP1,49.70493055555393,117.42611111111111,0.0,0.0,5.0,0.0,
,1016,1003,35.105,ship,MY_SHIP1,49.70499999999837,117.42611111111111,0.0,0.0,5.0,0.0,
,1017,1004,35.14,ship,MY_SHIP1,49.70506944444281,117.42611111111111,0.0,0.0,5.0,0.0,
,1018,1005,35.175,ship,MY_SHIP1,49.705138888887255,117.42611111111111,0.0,0.0,5.0,0.0,
,1019,1006,35.21,ship,MY_SHIP1,49.7052083333317,117.42611111111111,0.0,0.0,5.0,0.0,
,1020,1007,35.245,ship,MY_SHIP1,49.70527777777614,117.42611111111111,0.0,0.0,5.0,0.0,
,1021,1008,35.28,ship,MY_SHIP1,49.70534722222058,117.42611111111111,0.0,0.0,5.0,0.0,
,1022,1009,35.315,ship,MY_SHIP1,49.70541666666502,117.42611111111111,0.0,0.0,5.0,0.0,
,1023,1010,35.35,ship,MY_SHIP1,49.705486111109465,117.42611111111111,0.0,0.0,5.0,0.0,
